,time,action,proxy_name,honest_clients,malicious_clients,system_health,total_blocked,total_healthy
0,44.0,CENSOR_TRACK,,23,21,0,20,180
1,51.72665190961496,EXPOSE_CLIENT,Proxy 99,0,1,0,0,200
2,65.84045466107531,EXPOSE_CLIENT,Proxy 29,0,1,0,0,200
3,90.74865714354479,EXPOSE_CLIENT,Proxy 51,0,1,0,0,200
4,102.0,CENSOR_TRACK,,55,47,0,40,160
5,101.73879363837635,EXPOSE_CLIENT,Proxy 36,0,1,0,0,200
6,111.70472252696126,EXPOSE_CLIENT,Proxy 85,0,1,0,0,200
7,115.5548327597139,EXPOSE_CLIENT,Proxy 102,0,1,0,0,200
8,130.21581651792945,EXPOSE_CLIENT,Proxy 67,0,1,0,0,200
9,141.0,CENSOR_TRACK,,72,69,0,60,140
10,141.76174866602278,EXPOSE_CLIENT,Proxy 179,0,1,0,0,200
11,142.74974524192118,EXPOSE_CLIENT,Proxy 5,0,1,0,0,200
12,153.91808519519682,EXPOSE_CLIENT,Proxy 194,0,1,0,0,200
13,162.45871960102306,EXPOSE_CLIENT,Proxy 146,0,1,0,0,200
14,177.2693764426107,EXPOSE_CLIENT,Proxy 1,0,2,0,0,200
15,180.09053964928972,EXPOSE_CLIENT,Proxy 103,0,1,0,0,200
16,183.34523275223955,EXPOSE_CLIENT,Proxy 194,1,1,0,0,200
17,197.0,CENSOR_TRACK,,99,98,0,80,120
18,189.4899976030991,EXPOSE_CLIENT,Proxy 76,1,1,0,0,200
19,203.1352032925304,EXPOSE_CLIENT,Proxy 199,0,1,0,0,200
20,207.16476636057317,EXPOSE_CLIENT,Proxy 122,0,2,0,0,200
21,210.3379335424716,EXPOSE_CLIENT,Proxy 164,0,1,0,0,200
22,215.9769283570276,EXPOSE_CLIENT,Proxy 151,0,1,0,0,200
23,216.85313642263978,EXPOSE_CLIENT,Proxy 33,0,1,0,0,200
24,218.46001231216334,EXPOSE_CLIENT,Proxy 9,0,1,0,0,200
25,220.90946304565048,EXPOSE_CLIENT,Proxy 198,0,1,0,0,200
26,230.6395291640749,EXPOSE_CLIENT,Proxy 169,0,1,0,0,200
27,234.95285622298417,EXPOSE_CLIENT,Proxy 73,0,1,0,0,200
28,238.97106238144616,EXPOSE_CLIENT,Proxy 166,0,1,0,0,200
29,239.1953493223617,EXPOSE_CLIENT,Proxy 175,0,1,0,0,200
30,258.6970897548581,EXPOSE_CLIENT,Proxy 104,0,1,0,0,200
31,263.0,CENSOR_TRACK,,133,130,0,100,100
32,271.85816322744506,EXPOSE_CLIENT,Proxy 92,0,1,0,0,200
33,274.2834790826587,EXPOSE_CLIENT,Proxy 193,1,1,0,0,200
34,283.7235453341597,EXPOSE_CLIENT,Proxy 19,0,1,0,0,200
35,286.8137912694358,EXPOSE_CLIENT,Proxy 45,0,1,0,0,200
36,287.88965960005333,EXPOSE_CLIENT,Proxy 163,0,1,0,0,200
37,288.4082885625852,EXPOSE_CLIENT,Proxy 150,0,1,0,0,200
38,298.5484359467222,EXPOSE_CLIENT,Proxy 177,0,2,0,0,200
39,311.2517254313605,EXPOSE_CLIENT,Proxy 116,0,1,0,0,200
40,311.61614774068994,EXPOSE_CLIENT,Proxy 105,0,1,0,0,200
41,312.52186794913484,EXPOSE_CLIENT,Proxy 108,0,2,0,0,200
42,325.74730343816753,EXPOSE_CLIENT,Proxy 14,0,2,0,0,200
43,328.2142392623287,EXPOSE_CLIENT,Proxy 179,1,1,0,0,200
44,333.31888034332667,EXPOSE_CLIENT,Proxy 151,1,1,0,0,200
45,333.998268042889,EXPOSE_CLIENT,Proxy 2,0,2,0,0,200
46,340.1634636345035,EXPOSE_CLIENT,Proxy 89,0,2,0,0,200
47,340.23737544214976,EXPOSE_CLIENT,Proxy 99,1,1,0,0,200
48,345.0,CENSOR_TRACK,,171,174,0,120,80
49,362.02198456929153,EXPOSE_CLIENT,Proxy 157,0,2,0,0,200
50,364.3750714010319,EXPOSE_CLIENT,Proxy 98,0,2,0,0,200
51,367.2347690786201,EXPOSE_CLIENT,Proxy 14,1,2,0,0,200
52,368.67385971689725,EXPOSE_CLIENT,Proxy 87,0,1,0,0,200
53,371.8066473155414,EXPOSE_CLIENT,Proxy 100,0,1,0,0,200
54,373.1131248319014,EXPOSE_CLIENT,Proxy 78,0,1,0,0,200
55,373.26227897824197,EXPOSE_CLIENT,Proxy 3,0,2,0,0,200
56,380.76908757325964,EXPOSE_CLIENT,Proxy 190,1,1,0,0,200
57,382.4183247097428,EXPOSE_CLIENT,Proxy 152,1,1,0,0,200
58,386.8385835160003,EXPOSE_CLIENT,Proxy 43,0,2,0,0,200
59,387.45496998502273,EXPOSE_CLIENT,Proxy 169,1,1,0,0,200
60,388.47163976713205,EXPOSE_CLIENT,Proxy 70,0,2,0,0,200
61,392.82909696420217,EXPOSE_CLIENT,Proxy 92,1,2,0,0,200
62,398.4946208527475,EXPOSE_CLIENT,Proxy 32,0,2,0,0,200
63,398.5115106548274,EXPOSE_CLIENT,Proxy 113,0,3,0,0,200
64,398.8080781232738,EXPOSE_CLIENT,Proxy 134,0,2,0,0,200
65,399.6307130600139,EXPOSE_CLIENT,Proxy 63,0,2,0,0,200
66,412.0,CENSOR_TRACK,,201,211,0,140,60
67,401.9164318693517,EXPOSE_CLIENT,Proxy 126,0,1,0,0,200
68,401.94265124922885,EXPOSE_CLIENT,Proxy 19,1,1,0,0,200
69,408.99067112763504,EXPOSE_CLIENT,Proxy 11,1,1,0,0,200
70,413.93147641152865,EXPOSE_CLIENT,Proxy 177,1,2,0,0,200
71,416.43456747118086,EXPOSE_CLIENT,Proxy 28,0,2,0,0,200
72,416.5430518726173,EXPOSE_CLIENT,Proxy 89,1,2,0,0,200
73,420.9785991853341,EXPOSE_CLIENT,Proxy 189,0,1,0,0,200
74,423.26084522571557,EXPOSE_CLIENT,Proxy 191,1,1,0,0,200
75,424.55064978555197,EXPOSE_CLIENT,Proxy 49,0,1,0,0,200
76,427.3201325908849,EXPOSE_CLIENT,Proxy 100,1,1,0,0,200
77,429.8594816853396,EXPOSE_CLIENT,Proxy 186,1,1,0,0,200
78,429.8778082768207,EXPOSE_CLIENT,Proxy 78,1,1,0,0,200
79,431.01707718773366,EXPOSE_CLIENT,Proxy 176,0,2,0,0,200
80,431.3597746165621,EXPOSE_CLIENT,Proxy 9,1,1,0,0,200
81,435.0723808621511,EXPOSE_CLIENT,Proxy 172,0,2,0,0,200
82,435.40466931774364,EXPOSE_CLIENT,Proxy 137,0,1,0,0,200
83,436.20264693764403,EXPOSE_CLIENT,Proxy 168,1,1,0,0,200
84,446.4392985135206,EXPOSE_CLIENT,Proxy 57,1,1,0,0,200
85,447.8699166460417,EXPOSE_CLIENT,Proxy 65,0,2,0,0,200
86,448.7904954545161,EXPOSE_CLIENT,Proxy 136,1,1,0,0,200
87,450.7058798339467,EXPOSE_CLIENT,Proxy 13,1,1,0,0,200
88,452.63926001090516,EXPOSE_CLIENT,Proxy 64,0,3,0,0,200
89,459.11739681927776,EXPOSE_CLIENT,Proxy 162,0,2,0,0,200
90,461.8817510790351,EXPOSE_CLIENT,Proxy 5,1,2,0,0,200
91,462.71643900036054,EXPOSE_CLIENT,Proxy 178,2,1,0,0,200
92,465.3096952986971,EXPOSE_CLIENT,Proxy 174,0,1,0,0,200
93,473.7428747969971,EXPOSE_CLIENT,Proxy 191,2,1,0,0,200
94,481.60424181379767,EXPOSE_CLIENT,Proxy 112,0,3,0,0,200
95,483.13866120666864,EXPOSE_CLIENT,Proxy 21,0,2,0,0,200
96,485.247442575582,EXPOSE_CLIENT,Proxy 130,0,1,0,0,200
97,488.1081238725815,EXPOSE_CLIENT,Proxy 140,2,1,0,0,200
98,491.93348438689213,EXPOSE_CLIENT,Proxy 144,0,2,0,0,200
99,493.9661397287451,EXPOSE_CLIENT,Proxy 6,0,3,0,0,200
100,496.99611447551393,EXPOSE_CLIENT,Proxy 30,0,2,0,0,200
101,502.6944473855944,EXPOSE_CLIENT,Proxy 35,0,3,0,0,200
102,506.8446929694499,EXPOSE_CLIENT,Proxy 46,1,1,0,0,200
103,507.4013515553619,EXPOSE_CLIENT,Proxy 136,2,1,0,0,200
104,508.04549499862566,EXPOSE_CLIENT,Proxy 143,2,1,0,0,200
105,508.3212397524701,EXPOSE_CLIENT,Proxy 83,0,2,0,0,200
106,518.1473510047404,EXPOSE_CLIENT,Proxy 63,1,2,0,0,200
107,518.5358140083915,EXPOSE_CLIENT,Proxy 105,1,1,0,0,200
108,519.7636316649988,EXPOSE_CLIENT,Proxy 159,0,3,0,0,200
109,521.4969432539904,EXPOSE_CLIENT,Proxy 183,0,1,0,0,200
110,524.8619289973711,EXPOSE_CLIENT,Proxy 126,1,1,0,0,200
111,530.7367137853296,EXPOSE_CLIENT,Proxy 64,1,3,0,0,200
112,534.4525612561606,EXPOSE_CLIENT,Proxy 85,1,2,0,0,200
113,535.2332092829968,EXPOSE_CLIENT,Proxy 24,0,3,0,0,200
114,538.854608703986,EXPOSE_CLIENT,Proxy 93,1,2,0,0,200
115,542.5785582587905,EXPOSE_CLIENT,Proxy 184,1,1,0,0,200
116,543.7582184166603,EXPOSE_CLIENT,Proxy 135,0,1,0,0,200
117,547.914218672366,EXPOSE_CLIENT,Proxy 47,0,3,0,0,200
118,549.3020116749057,EXPOSE_CLIENT,Proxy 165,0,1,0,0,200
119,550.806070837224,EXPOSE_CLIENT,Proxy 30,1,2,0,0,200
120,551.0015110274295,EXPOSE_CLIENT,Proxy 33,1,1,0,0,200
121,552.8335319736019,EXPOSE_CLIENT,Proxy 90,3,1,0,0,200
122,556.7492383326215,EXPOSE_CLIENT,Proxy 126,2,1,0,0,200
123,557.4878086966361,EXPOSE_CLIENT,Proxy 187,0,3,0,0,200
124,557.9520380396414,EXPOSE_CLIENT,Proxy 147,1,1,0,0,200
125,563.4237593874096,EXPOSE_CLIENT,Proxy 36,1,1,0,0,200
126,566.8043484362955,EXPOSE_CLIENT,Proxy 122,1,2,0,0,200
127,568.2086067801052,EXPOSE_CLIENT,Proxy 181,1,1,0,0,200
128,570.4608810360917,EXPOSE_CLIENT,Proxy 164,1,1,0,0,200
129,572.7352096913701,EXPOSE_CLIENT,Proxy 54,1,2,0,0,200
130,591.0,CENSOR_TRACK,,294,297,0,160,40
131,575.3030690555154,EXPOSE_CLIENT,Proxy 162,1,2,0,0,200
132,583.0635159164972,EXPOSE_CLIENT,Proxy 188,1,2,0,0,200
133,585.6009095116227,EXPOSE_CLIENT,Proxy 108,1,2,0,0,200
134,587.5041600676001,EXPOSE_CLIENT,Proxy 10,2,1,0,0,200
135,587.5781427434035,EXPOSE_CLIENT,Proxy 53,2,1,0,0,200
136,591.5902173543062,EXPOSE_CLIENT,Proxy 194,2,1,0,0,200
137,592.1556298159201,EXPOSE_CLIENT,Proxy 14,2,2,0,0,200
138,593.2448272005113,EXPOSE_CLIENT,Proxy 148,0,1,0,0,200
139,593.8970801853628,EXPOSE_CLIENT,Proxy 26,0,2,0,0,200
140,596.9083518847812,EXPOSE_CLIENT,Proxy 79,0,1,0,0,200
141,597.1330474882099,EXPOSE_CLIENT,Proxy 97,2,1,0,0,200
142,602.304134151187,EXPOSE_CLIENT,Proxy 144,1,2,0,0,200
143,608.0463731650163,EXPOSE_CLIENT,Proxy 154,0,2,0,0,200
144,609.243301811869,EXPOSE_CLIENT,Proxy 140,3,1,0,0,200
145,616.8814324201128,EXPOSE_CLIENT,Proxy 142,1,2,0,0,200
146,617.8996305509144,EXPOSE_CLIENT,Proxy 102,1,3,0,0,200
147,623.7914094182823,EXPOSE_CLIENT,Proxy 133,0,2,0,0,200
148,624.1702615030174,EXPOSE_CLIENT,Proxy 40,1,2,0,0,200
149,629.3002413528428,EXPOSE_CLIENT,Proxy 76,2,1,0,0,200
150,630.9433683379118,EXPOSE_CLIENT,Proxy 154,1,2,0,0,200
151,636.329552510162,EXPOSE_CLIENT,Proxy 127,1,2,0,0,200
152,639.0967350429634,EXPOSE_CLIENT,Proxy 77,0,2,0,0,200
153,644.1825928098937,EXPOSE_CLIENT,Proxy 25,1,1,0,0,200
154,644.2566485984189,EXPOSE_CLIENT,Proxy 173,1,1,0,0,200
155,644.4044786902535,EXPOSE_CLIENT,Proxy 164,2,2,0,0,200
156,647.6656828772519,EXPOSE_CLIENT,Proxy 189,1,2,0,0,200
157,648.0404618274117,EXPOSE_CLIENT,Proxy 42,2,1,0,0,200
158,654.8455581168748,EXPOSE_CLIENT,Proxy 117,0,2,0,0,200
159,655.0418978637377,EXPOSE_CLIENT,Proxy 57,2,1,0,0,200
160,659.8300307234783,EXPOSE_CLIENT,Proxy 174,1,2,0,0,200
161,661.504960792295,EXPOSE_CLIENT,Proxy 130,1,1,0,0,200
162,662.1360420457961,EXPOSE_CLIENT,Proxy 25,2,1,0,0,200
163,664.0908434200174,EXPOSE_CLIENT,Proxy 51,1,1,0,0,200
164,672.623311746848,EXPOSE_CLIENT,Proxy 120,2,1,0,0,200
165,673.643375539079,EXPOSE_CLIENT,Proxy 117,1,2,0,0,200
166,678.3049381685249,EXPOSE_CLIENT,Proxy 165,1,1,0,0,200
167,680.6523463875046,EXPOSE_CLIENT,Proxy 18,0,2,0,0,200
168,681.9262262365761,EXPOSE_CLIENT,Proxy 72,1,2,0,0,200
169,682.0550734685218,EXPOSE_CLIENT,Proxy 123,0,2,0,0,200
170,682.2681747404187,EXPOSE_CLIENT,Proxy 106,0,4,0,0,200
171,686.3469721200548,EXPOSE_CLIENT,Proxy 155,0,3,0,0,200
172,687.0555755623808,EXPOSE_CLIENT,Proxy 43,1,3,0,0,200
173,687.5233732972258,EXPOSE_CLIENT,Proxy 103,1,2,0,0,200
174,690.9506104076651,EXPOSE_CLIENT,Proxy 36,2,1,0,0,200
175,693.7258489659415,EXPOSE_CLIENT,Proxy 29,1,2,0,0,200
176,695.3419059539511,EXPOSE_CLIENT,Proxy 185,0,3,0,0,200
177,698.7672619316347,EXPOSE_CLIENT,Proxy 78,2,1,0,0,200
178,706.1679425320257,EXPOSE_CLIENT,Proxy 133,1,2,0,0,200
179,708.8120960511127,EXPOSE_CLIENT,Proxy 73,1,1,0,0,200
180,712.0765751124504,EXPOSE_CLIENT,Proxy 22,2,1,0,0,200
181,713.3019911424316,EXPOSE_CLIENT,Proxy 123,1,2,0,0,200
182,714.8707494032385,EXPOSE_CLIENT,Proxy 87,1,3,0,0,200
183,717.2121798035546,EXPOSE_CLIENT,Proxy 120,3,1,0,0,200
184,717.8793510825499,EXPOSE_CLIENT,Proxy 49,1,2,0,0,200
185,718.9019523432833,EXPOSE_CLIENT,Proxy 78,3,1,0,0,200
186,719.3567869455834,EXPOSE_CLIENT,Proxy 30,2,2,0,0,200
187,722.5296957808099,EXPOSE_CLIENT,Proxy 113,1,3,0,0,200
188,724.7292579661797,EXPOSE_CLIENT,Proxy 121,0,3,0,0,200
189,725.2008341450535,EXPOSE_CLIENT,Proxy 157,1,2,0,0,200
190,726.224978272725,EXPOSE_CLIENT,Proxy 39,2,1,0,0,200
191,727.181714901627,EXPOSE_CLIENT,Proxy 23,1,1,0,0,200
192,728.0256215765417,EXPOSE_CLIENT,Proxy 128,2,1,0,0,200
193,730.3828883557061,EXPOSE_CLIENT,Proxy 131,1,1,0,0,200
194,735.9585441450438,EXPOSE_CLIENT,Proxy 130,2,1,0,0,200
195,736.5952972174854,EXPOSE_CLIENT,Proxy 105,2,1,0,0,200
196,743.4620325270674,EXPOSE_CLIENT,Proxy 196,2,1,0,0,200
197,746.9020881936099,EXPOSE_CLIENT,Proxy 173,2,1,0,0,200
198,751.0725533807482,EXPOSE_CLIENT,Proxy 16,1,2,0,0,200
199,751.7727031303896,EXPOSE_CLIENT,Proxy 190,2,2,0,0,200
200,752.3840475443366,EXPOSE_CLIENT,Proxy 145,1,2,0,0,200
201,755.1752800467992,EXPOSE_CLIENT,Proxy 37,0,1,0,0,200
202,756.4853367078581,EXPOSE_CLIENT,Proxy 194,3,1,0,0,200
203,760.3031394354138,EXPOSE_CLIENT,Proxy 37,1,1,0,0,200
204,760.8948271767226,EXPOSE_CLIENT,Proxy 115,2,1,0,0,200
205,761.940177800797,EXPOSE_CLIENT,Proxy 61,1,4,0,0,200
206,788.0,CENSOR_TRACK,,391,397,0,180,20
207,766.3337633788342,EXPOSE_CLIENT,Proxy 197,0,3,0,0,200
208,767.5456954704875,EXPOSE_CLIENT,Proxy 50,1,1,0,0,200
209,772.2011502888793,EXPOSE_CLIENT,Proxy 99,2,2,0,0,200
210,773.2098869817693,EXPOSE_CLIENT,Proxy 195,1,3,0,0,200
211,774.3881210601543,EXPOSE_CLIENT,Proxy 190,3,2,0,0,200
212,777.9197556321304,EXPOSE_CLIENT,Proxy 81,2,1,0,0,200
213,779.3065448194073,EXPOSE_CLIENT,Proxy 123,2,2,0,0,200
214,780.353641326098,EXPOSE_CLIENT,Proxy 70,1,3,0,0,200
215,780.8061776826045,EXPOSE_CLIENT,Proxy 7,2,2,0,0,200
216,781.9790655661577,EXPOSE_CLIENT,Proxy 113,2,3,0,0,200
217,782.0694833331288,EXPOSE_CLIENT,Proxy 151,2,3,0,0,200
218,782.5347418128603,EXPOSE_CLIENT,Proxy 116,1,3,0,0,200
219,786.4592868041738,EXPOSE_CLIENT,Proxy 110,2,2,0,0,200
220,787.2169623899478,EXPOSE_CLIENT,Proxy 27,2,2,0,0,200
221,789.3208804862782,EXPOSE_CLIENT,Proxy 51,2,2,0,0,200
222,790.5337037768405,EXPOSE_CLIENT,Proxy 148,1,1,0,0,200
223,792.7749271277553,EXPOSE_CLIENT,Proxy 44,1,1,0,0,200
224,793.6306349166097,EXPOSE_CLIENT,Proxy 154,2,2,0,0,200
225,794.8908271832103,EXPOSE_CLIENT,Proxy 50,2,1,0,0,200
226,796.2501491180951,EXPOSE_CLIENT,Proxy 62,1,1,0,0,200
227,796.8676252359897,EXPOSE_CLIENT,Proxy 193,2,2,0,0,200
228,797.3662960106044,EXPOSE_CLIENT,Proxy 46,2,1,0,0,200
229,801.3754390065868,EXPOSE_CLIENT,Proxy 35,1,3,0,0,200
230,805.9946664907741,EXPOSE_CLIENT,Proxy 9,2,2,0,0,200
231,806.6021115150248,EXPOSE_CLIENT,Proxy 179,2,1,0,0,200
232,806.804987420772,EXPOSE_CLIENT,Proxy 26,1,2,0,0,200
233,810.0567928382311,EXPOSE_CLIENT,Proxy 193,3,2,0,0,200
234,813.0848714240673,EXPOSE_CLIENT,Proxy 48,1,3,0,0,200
235,814.9637699249482,EXPOSE_CLIENT,Proxy 86,0,2,0,0,200
236,817.096121121884,EXPOSE_CLIENT,Proxy 180,2,1,0,0,200
237,820.5434519594979,EXPOSE_CLIENT,Proxy 62,2,1,0,0,200
238,827.9796363651375,EXPOSE_CLIENT,Proxy 139,2,2,0,0,200
239,830.2245794271704,EXPOSE_CLIENT,Proxy 192,2,3,0,0,200
240,830.631812486876,EXPOSE_CLIENT,Proxy 163,1,1,0,0,200
241,833.6566123425231,EXPOSE_CLIENT,Proxy 156,0,4,0,0,200
242,841.1714411812791,EXPOSE_CLIENT,Proxy 169,2,1,0,0,200
243,844.6733398713154,EXPOSE_CLIENT,Proxy 131,2,2,0,0,200
244,845.9323976099602,EXPOSE_CLIENT,Proxy 33,2,3,0,0,200
245,849.8509201801522,EXPOSE_CLIENT,Proxy 36,3,1,0,0,200
246,851.1111238853774,EXPOSE_CLIENT,Proxy 81,3,1,0,0,200
247,852.2069070455004,EXPOSE_CLIENT,Proxy 128,3,1,0,0,200
248,854.2951416516752,EXPOSE_CLIENT,Proxy 32,1,2,0,0,200
249,856.427841441528,EXPOSE_CLIENT,Proxy 191,3,1,0,0,200
250,857.4884371402406,EXPOSE_CLIENT,Proxy 9,3,2,0,0,200
251,858.6547493204143,EXPOSE_CLIENT,Proxy 37,2,2,0,0,200
252,859.2340221510365,EXPOSE_CLIENT,Proxy 25,3,1,0,0,200
253,860.7897670664672,EXPOSE_CLIENT,Proxy 48,2,3,0,0,200
254,863.9086109830703,EXPOSE_CLIENT,Proxy 186,2,2,0,0,200
255,867.0063607278731,EXPOSE_CLIENT,Proxy 181,2,1,0,0,200
256,869.3665073346215,EXPOSE_CLIENT,Proxy 18,1,3,0,0,200
257,869.647655529341,EXPOSE_CLIENT,Proxy 73,2,1,0,0,200
258,870.7404002818547,EXPOSE_CLIENT,Proxy 124,0,5,0,0,200
259,874.0914287150609,EXPOSE_CLIENT,Proxy 148,2,2,0,0,200
260,877.4361350833623,EXPOSE_CLIENT,Proxy 58,0,4,0,0,200
261,881.5504170867938,EXPOSE_CLIENT,Proxy 180,3,1,0,0,200
262,881.7948336798381,EXPOSE_CLIENT,Proxy 110,3,3,0,0,200
263,886.331413800837,EXPOSE_CLIENT,Proxy 18,2,3,0,0,200
264,886.9273517461726,EXPOSE_CLIENT,Proxy 129,4,1,0,0,200
265,888.2504233999236,EXPOSE_CLIENT,Proxy 137,1,4,0,0,200
266,888.2579490201393,EXPOSE_CLIENT,Proxy 175,1,3,0,0,200
267,892.4961490158738,EXPOSE_CLIENT,Proxy 44,2,1,0,0,200
268,893.8960790457973,EXPOSE_CLIENT,Proxy 144,2,3,0,0,200
269,895.4302285278501,EXPOSE_CLIENT,Proxy 152,2,3,0,0,200
270,895.8178510681053,EXPOSE_CLIENT,Proxy 73,3,1,0,0,200
271,896.0223946156075,EXPOSE_CLIENT,Proxy 57,3,1,0,0,200
272,897.0661319674997,EXPOSE_CLIENT,Proxy 91,3,2,0,0,200
273,899.0104916135658,EXPOSE_CLIENT,Proxy 44,3,1,0,0,200
274,899.6587413883764,EXPOSE_CLIENT,Proxy 182,1,2,0,0,200
275,900.3071717689313,EXPOSE_CLIENT,Proxy 26,2,2,0,0,200
276,901.5730865841431,EXPOSE_CLIENT,Proxy 90,4,1,0,0,200
277,902.7317649182925,EXPOSE_CLIENT,Proxy 8,1,4,0,0,200
278,904.9289204004734,EXPOSE_CLIENT,Proxy 83,1,4,0,0,200
279,905.0806676543284,EXPOSE_CLIENT,Proxy 154,3,2,0,0,200
280,908.3113036551424,EXPOSE_CLIENT,Proxy 44,4,1,0,0,200
281,915.4180679091891,EXPOSE_CLIENT,Proxy 115,3,1,0,0,200
282,917.914523863076,EXPOSE_CLIENT,Proxy 180,4,1,0,0,200
283,921.7942513864127,EXPOSE_CLIENT,Proxy 72,2,2,0,0,200
284,922.0724102297334,EXPOSE_CLIENT,Proxy 88,0,2,0,0,200
285,923.4386131614812,EXPOSE_CLIENT,Proxy 42,3,1,0,0,200
286,923.7995089091617,EXPOSE_CLIENT,Proxy 128,4,1,0,0,200
287,927.0450791262767,EXPOSE_CLIENT,Proxy 34,2,2,0,0,200
288,928.4641593990702,EXPOSE_CLIENT,Proxy 39,3,1,0,0,200
289,930.2688892318054,EXPOSE_CLIENT,Proxy 178,3,1,0,0,200
290,932.7611234568537,EXPOSE_CLIENT,Proxy 45,1,3,0,0,200
291,933.1223707318327,EXPOSE_CLIENT,Proxy 117,2,3,0,0,200
292,934.9756490474133,EXPOSE_CLIENT,Proxy 32,2,2,0,0,200
293,935.9477448531248,EXPOSE_CLIENT,Proxy 101,4,1,0,0,200
294,942.8245378030541,EXPOSE_CLIENT,Proxy 198,1,4,0,0,200
295,943.7218556420263,EXPOSE_CLIENT,Proxy 24,1,3,0,0,200
296,944.4285527223337,EXPOSE_CLIENT,Proxy 111,1,2,0,0,200
297,944.8287480139635,EXPOSE_CLIENT,Proxy 141,1,3,0,0,200
298,946.6834726980429,EXPOSE_CLIENT,Proxy 49,2,2,0,0,200
299,946.9591291517019,EXPOSE_CLIENT,Proxy 62,3,1,0,0,200
300,947.558176061171,EXPOSE_CLIENT,Proxy 1,1,2,0,0,200
301,949.1902647262801,EXPOSE_CLIENT,Proxy 114,1,3,0,0,200
302,950.0879646796517,EXPOSE_CLIENT,Proxy 97,3,1,0,0,200
303,950.3797302652883,EXPOSE_CLIENT,Proxy 128,5,1,0,0,200
304,951.2217510715844,EXPOSE_CLIENT,Proxy 93,2,4,0,0,200
305,951.3790682670557,EXPOSE_CLIENT,Proxy 100,2,1,0,0,200
306,954.4039604401368,EXPOSE_CLIENT,Proxy 158,4,1,0,0,200
307,955.2356315425445,EXPOSE_CLIENT,Proxy 155,1,3,0,0,200
308,957.2042057783055,EXPOSE_CLIENT,Proxy 37,3,2,0,0,200
309,963.5627535434979,EXPOSE_CLIENT,Proxy 17,0,2,0,0,200
310,965.5065631320417,EXPOSE_CLIENT,Proxy 26,3,2,0,0,200
311,968.7664672356028,EXPOSE_CLIENT,Proxy 14,3,2,0,0,200
312,969.1233249060906,EXPOSE_CLIENT,Proxy 124,1,5,0,0,200
313,970.8585797829736,EXPOSE_CLIENT,Proxy 161,0,4,0,0,200
314,972.2171792397606,EXPOSE_CLIENT,Proxy 143,3,2,0,0,200
315,973.5720675210707,EXPOSE_CLIENT,Proxy 156,1,4,0,0,200
316,982.1264949858372,EXPOSE_CLIENT,Proxy 185,1,4,0,0,200
317,982.4868375498949,EXPOSE_CLIENT,Proxy 97,4,1,0,0,200
318,984.6950263914804,EXPOSE_CLIENT,Proxy 130,3,1,0,0,200
319,989.9489104925447,EXPOSE_CLIENT,Proxy 162,2,3,0,0,200
320,991.6287606741784,EXPOSE_CLIENT,Proxy 76,3,2,0,0,200
321,993.4812527223655,EXPOSE_CLIENT,Proxy 20,1,5,0,0,200
322,1000.7740523760635,EXPOSE_CLIENT,Proxy 169,3,2,0,0,200
323,1001.2924862256059,EXPOSE_CLIENT,Proxy 60,2,1,0,0,200
324,1001.4674075355308,EXPOSE_CLIENT,Proxy 103,2,3,0,0,200
325,1009.224279678388,EXPOSE_CLIENT,Proxy 182,2,2,0,0,200
326,1009.7767083214653,EXPOSE_CLIENT,Proxy 41,3,1,0,0,200
327,1010.2396244876549,EXPOSE_CLIENT,Proxy 159,1,4,0,0,200
328,1014.9693097931055,EXPOSE_CLIENT,Proxy 35,2,4,0,0,200
329,1016.3638860102434,EXPOSE_CLIENT,Proxy 50,3,2,0,0,200
330,1016.5972019789252,EXPOSE_CLIENT,Proxy 80,3,1,0,0,200
331,1022.7602349391655,EXPOSE_CLIENT,Proxy 147,2,2,0,0,200
332,1026.3424777113405,EXPOSE_CLIENT,Proxy 177,2,3,0,0,200
333,1026.5200437181709,EXPOSE_CLIENT,Proxy 94,0,5,0,0,200
334,1026.7602331527426,EXPOSE_CLIENT,Proxy 31,0,4,0,0,200
335,1029.2013494544299,EXPOSE_CLIENT,Proxy 161,1,4,0,0,200
336,1031.4902143158201,EXPOSE_CLIENT,Proxy 183,1,4,0,0,200
337,1037.2496560459936,EXPOSE_CLIENT,Proxy 83,2,4,0,0,200
338,1038.4729412213023,EXPOSE_CLIENT,Proxy 54,2,3,0,0,200
339,1038.5784206564952,EXPOSE_CLIENT,Proxy 59,4,1,0,0,200
340,1042.3184703817317,EXPOSE_CLIENT,Proxy 38,2,1,0,0,200
341,1046.1389581280057,EXPOSE_CLIENT,Proxy 34,3,3,0,0,200
342,1046.779303178877,EXPOSE_CLIENT,Proxy 177,3,3,0,0,200
343,1047.737144915983,EXPOSE_CLIENT,Proxy 108,2,2,0,0,200
344,1050.7290958111168,EXPOSE_CLIENT,Proxy 55,0,4,0,0,200
345,1054.7662456442197,EXPOSE_CLIENT,Proxy 103,3,3,0,0,200
346,1055.1828527704672,EXPOSE_CLIENT,Proxy 166,1,3,0,0,200
347,1057.9360641780186,EXPOSE_CLIENT,Proxy 44,5,1,0,0,200
348,1059.3391488328411,EXPOSE_CLIENT,Proxy 47,1,5,0,0,200
349,1060.3664201625054,EXPOSE_CLIENT,Proxy 105,3,1,0,0,200
350,1060.9017975782058,EXPOSE_CLIENT,Proxy 70,2,4,0,0,200
351,1065.4148422465814,EXPOSE_CLIENT,Proxy 118,2,3,0,0,200
352,1066.170662424709,EXPOSE_CLIENT,Proxy 168,2,4,0,0,200
353,1068.6593165588383,EXPOSE_CLIENT,Proxy 92,2,3,0,0,200
354,1071.6708776515768,EXPOSE_CLIENT,Proxy 54,3,3,0,0,200
355,1072.3164367348215,EXPOSE_CLIENT,Proxy 15,3,3,0,0,200
356,1072.3393545207628,EXPOSE_CLIENT,Proxy 46,3,2,0,0,200
357,1082.388061369402,EXPOSE_CLIENT,Proxy 172,1,6,0,0,200
358,1084.6584267703083,EXPOSE_CLIENT,Proxy 160,3,2,0,0,200
359,1085.290445730888,EXPOSE_CLIENT,Proxy 65,1,5,0,0,200
360,1087.7891382900648,EXPOSE_CLIENT,Proxy 119,2,1,0,0,200
361,1090.4148522256567,EXPOSE_CLIENT,Proxy 95,4,2,0,0,200
362,1090.996834481788,EXPOSE_CLIENT,Proxy 42,4,1,0,0,200
363,1092.7638497211792,EXPOSE_CLIENT,Proxy 31,1,4,0,0,200
364,1095.2905323196674,EXPOSE_CLIENT,Proxy 175,2,4,0,0,200
365,1095.92623865651,EXPOSE_CLIENT,Proxy 121,1,3,0,0,200
366,1096.8853178184988,EXPOSE_CLIENT,Proxy 191,4,1,0,0,200
367,1097.1218454716459,EXPOSE_CLIENT,Proxy 135,1,5,0,0,200
368,1097.9476163774495,EXPOSE_CLIENT,Proxy 59,5,1,0,0,200
369,1100.0493096183811,EXPOSE_CLIENT,Proxy 195,2,3,0,0,200
370,1108.3772632303283,EXPOSE_CLIENT,Proxy 79,1,2,0,0,200
371,1110.9302514329993,EXPOSE_CLIENT,Proxy 120,4,1,0,0,200
372,1112.1848625737339,EXPOSE_CLIENT,Proxy 9,4,2,0,0,200
373,1115.6356408883312,EXPOSE_CLIENT,Proxy 60,3,1,0,0,200
374,1116.4587837876861,EXPOSE_CLIENT,Proxy 142,2,4,0,0,200
375,1130.0387303975742,EXPOSE_CLIENT,Proxy 4,3,3,0,0,200
376,1130.8094149633553,EXPOSE_CLIENT,Proxy 134,1,3,0,0,200
377,1134.4843350017866,EXPOSE_CLIENT,Proxy 123,3,3,0,0,200
378,1136.0334334168876,EXPOSE_CLIENT,Proxy 50,4,3,0,0,200
379,1138.2094945483175,EXPOSE_CLIENT,Proxy 132,4,1,0,0,200
380,1139.6661917699698,EXPOSE_CLIENT,Proxy 164,3,2,0,0,200
381,1139.8534816929523,EXPOSE_CLIENT,Proxy 194,4,1,0,0,200
382,1140.397321483071,EXPOSE_CLIENT,Proxy 176,1,4,0,0,200
383,1141.523981596488,EXPOSE_CLIENT,Proxy 190,4,2,0,0,200
384,1142.8051596705607,EXPOSE_CLIENT,Proxy 127,2,3,0,0,200
385,1144.6284973347124,EXPOSE_CLIENT,Proxy 163,2,3,0,0,200
386,1146.2546025115082,EXPOSE_CLIENT,Proxy 29,2,4,0,0,200
387,1146.7703198399258,EXPOSE_CLIENT,Proxy 150,1,3,0,0,200
388,1149.6782125224458,EXPOSE_CLIENT,Proxy 96,3,3,0,0,200
389,1149.6785234281901,EXPOSE_CLIENT,Proxy 111,2,2,0,0,200
390,1152.7007787970367,EXPOSE_CLIENT,Proxy 79,2,2,0,0,200
391,1156.6712086012021,EXPOSE_CLIENT,Proxy 146,1,4,0,0,200
392,1159.476823597614,EXPOSE_CLIENT,Proxy 73,4,2,0,0,200
393,1161.108424364552,EXPOSE_CLIENT,Proxy 44,6,1,0,0,200
394,1162.8850369089994,EXPOSE_CLIENT,Proxy 127,3,3,0,0,200
395,1170.5687636580933,EXPOSE_CLIENT,Proxy 3,1,4,0,0,200
396,1177.5027601960776,EXPOSE_CLIENT,Proxy 105,4,1,0,0,200
397,1177.9180383919957,EXPOSE_CLIENT,Proxy 21,1,4,0,0,200
398,1179.6153653572053,EXPOSE_CLIENT,Proxy 171,3,1,0,0,200
399,1181.8535514216296,EXPOSE_CLIENT,Proxy 132,5,1,0,0,200
400,1182.2123056566093,EXPOSE_CLIENT,Proxy 158,5,1,0,0,200
401,1183.7426660910783,EXPOSE_CLIENT,Proxy 82,4,1,0,0,200
402,1185.6950516395145,EXPOSE_CLIENT,Proxy 141,2,4,0,0,200
403,1187.2843292984944,EXPOSE_CLIENT,Proxy 22,3,2,0,0,200
404,1187.8576835868419,EXPOSE_CLIENT,Proxy 179,3,2,0,0,200
405,1189.4541811589575,EXPOSE_CLIENT,Proxy 124,2,5,0,0,200
406,1189.5824854947782,EXPOSE_CLIENT,Proxy 146,2,4,0,0,200
407,1190.4487861708737,EXPOSE_CLIENT,Proxy 165,2,4,0,0,200
408,1191.960178639574,EXPOSE_CLIENT,Proxy 42,5,1,0,0,200
409,1192.8350572362413,EXPOSE_CLIENT,Proxy 184,2,3,0,0,200
410,1196.0009641440888,EXPOSE_CLIENT,Proxy 64,2,4,0,0,200
411,1196.8814428157336,EXPOSE_CLIENT,Proxy 86,1,4,0,0,200
412,1197.819684915243,EXPOSE_CLIENT,Proxy 184,3,3,0,0,200
413,1197.8664290373904,EXPOSE_CLIENT,Proxy 134,2,3,0,0,200
414,1198.5109875419548,EXPOSE_CLIENT,Proxy 60,4,1,0,0,200
415,1198.601392101123,EXPOSE_CLIENT,Proxy 40,2,4,0,0,200
416,1201.683789345757,EXPOSE_CLIENT,Proxy 180,5,1,0,0,200
417,1203.932590680165,EXPOSE_CLIENT,Proxy 53,3,2,0,0,200
418,1208.00860483073,EXPOSE_CLIENT,Proxy 157,2,2,0,0,200
419,1210.7111792299431,EXPOSE_CLIENT,Proxy 8,2,4,0,0,200
420,1211.5058658368407,EXPOSE_CLIENT,Proxy 169,4,2,0,0,200
421,1212.037619725856,EXPOSE_CLIENT,Proxy 5,2,4,0,0,200
422,1213.0598098142084,EXPOSE_CLIENT,Proxy 68,0,5,0,0,200
423,1214.620423323386,EXPOSE_CLIENT,Proxy 199,1,4,0,0,200
424,1216.2097794224521,EXPOSE_CLIENT,Proxy 1,2,3,0,0,200
425,1218.9852451210434,EXPOSE_CLIENT,Proxy 57,4,2,0,0,200
426,1225.379338874997,EXPOSE_CLIENT,Proxy 166,2,4,0,0,200
427,1227.5431104155437,EXPOSE_CLIENT,Proxy 163,3,3,0,0,200
428,1228.2800921511391,EXPOSE_CLIENT,Proxy 192,3,3,0,0,200
429,1233.7938218093184,EXPOSE_CLIENT,Proxy 183,2,4,0,0,200
430,1238.2317759175685,EXPOSE_CLIENT,Proxy 166,3,4,0,0,200
431,1238.4851599189767,EXPOSE_CLIENT,Proxy 157,3,2,0,0,200
432,1239.4045432590106,EXPOSE_CLIENT,Proxy 104,1,3,0,0,200
433,1240.275470676178,EXPOSE_CLIENT,Proxy 67,1,4,0,0,200
434,1241.6441404483103,EXPOSE_CLIENT,Proxy 17,1,5,0,0,200
435,1241.8536884000753,EXPOSE_CLIENT,Proxy 14,4,2,0,0,200
436,1243.3785959333318,EXPOSE_CLIENT,Proxy 86,2,4,0,0,200
437,1247.3166690974467,EXPOSE_CLIENT,Proxy 129,5,2,0,0,200
438,1248.1658114095071,EXPOSE_CLIENT,Proxy 126,3,2,0,0,200
439,1251.3731508165054,EXPOSE_CLIENT,Proxy 154,4,2,0,0,200
440,1254.1817781191319,EXPOSE_CLIENT,Proxy 45,2,5,0,0,200
441,1257.715259268661,EXPOSE_CLIENT,Proxy 75,5,2,0,0,200
442,1259.7716616792945,EXPOSE_CLIENT,Proxy 198,2,4,0,0,200
443,1262.8428685385666,EXPOSE_CLIENT,Proxy 12,4,2,0,0,200
444,1271.3884145263194,EXPOSE_CLIENT,Proxy 46,4,2,0,0,200
445,1271.42131627855,EXPOSE_CLIENT,Proxy 97,5,1,0,0,200
446,1273.0270306014195,EXPOSE_CLIENT,Proxy 145,2,4,0,0,200
447,1273.2687038613176,EXPOSE_CLIENT,Proxy 136,3,2,0,0,200
448,1277.7145674144758,EXPOSE_CLIENT,Proxy 3,2,4,0,0,200
449,1278.7460761760015,EXPOSE_CLIENT,Proxy 130,4,2,0,0,200
450,1279.8748087001939,EXPOSE_CLIENT,Proxy 116,2,5,0,0,200
451,1281.4427982205782,EXPOSE_CLIENT,Proxy 164,4,2,0,0,200
452,1281.615002174505,EXPOSE_CLIENT,Proxy 18,3,4,0,0,200
453,1283.3925816003875,EXPOSE_CLIENT,Proxy 126,4,2,0,0,200
454,1283.8591874115557,EXPOSE_CLIENT,Proxy 153,4,2,0,0,200
455,1285.5908532035355,EXPOSE_CLIENT,Proxy 60,5,1,0,0,200
456,1287.3847776330335,EXPOSE_CLIENT,Proxy 113,3,4,0,0,200
457,1288.7480813010486,EXPOSE_CLIENT,Proxy 69,4,2,0,0,200
458,1296.4377509119677,EXPOSE_CLIENT,Proxy 189,2,5,0,0,200
459,1296.7103117746917,EXPOSE_CLIENT,Proxy 187,1,5,0,0,200
460,1300.230132921966,EXPOSE_CLIENT,Proxy 105,5,1,0,0,200
461,1302.258608763212,EXPOSE_CLIENT,Proxy 70,3,4,0,0,200
462,1305.9246959286274,EXPOSE_CLIENT,Proxy 32,3,3,0,0,200
463,1309.0616059260203,EXPOSE_CLIENT,Proxy 147,3,2,0,0,200
464,1310.540436647723,EXPOSE_CLIENT,Proxy 8,3,4,0,0,200
465,1312.6186649255305,EXPOSE_CLIENT,Proxy 176,2,4,0,0,200
466,1317.134532783288,EXPOSE_CLIENT,Proxy 136,4,2,0,0,200
467,1317.5613232858784,EXPOSE_CLIENT,Proxy 22,4,2,0,0,200
468,1318.0919379228567,EXPOSE_CLIENT,Proxy 193,4,2,0,0,200
469,1319.8178323574932,EXPOSE_CLIENT,Proxy 0,0,7,0,0,200
470,1323.9705650698459,EXPOSE_CLIENT,Proxy 115,4,1,0,0,200
471,1324.6345967202576,EXPOSE_CLIENT,Proxy 101,5,1,0,0,200
472,1324.9419355165983,EXPOSE_CLIENT,Proxy 60,6,1,0,0,200
473,1325.4807418138566,EXPOSE_CLIENT,Proxy 82,5,1,0,0,200
474,1325.7510495529043,EXPOSE_CLIENT,Proxy 104,2,3,0,0,200
475,1326.2373689683693,EXPOSE_CLIENT,Proxy 180,6,1,0,0,200
476,1328.7447489569977,EXPOSE_CLIENT,Proxy 171,4,1,0,0,200
477,1329.199222188938,EXPOSE_CLIENT,Proxy 96,4,3,0,0,200
478,1329.2679698051656,EXPOSE_CLIENT,Proxy 191,5,2,0,0,200
479,1340.3942741558087,EXPOSE_CLIENT,Proxy 118,3,3,0,0,200
480,1340.8725606716275,EXPOSE_CLIENT,Proxy 11,2,5,0,0,200
481,1342.1498639510653,EXPOSE_CLIENT,Proxy 12,5,2,0,0,200
482,1343.5650935735598,EXPOSE_CLIENT,Proxy 94,1,6,0,0,200
483,1343.8025675130993,EXPOSE_CLIENT,Proxy 30,3,3,0,0,200
484,1344.6317509928292,EXPOSE_CLIENT,Proxy 66,2,3,0,0,200
485,1353.3735457914934,EXPOSE_CLIENT,Proxy 159,2,5,0,0,200
486,1353.5617674929113,EXPOSE_CLIENT,Proxy 6,1,3,0,0,200
487,1357.8882317033128,EXPOSE_CLIENT,Proxy 138,3,4,0,0,200
488,1359.5386573968196,EXPOSE_CLIENT,Proxy 6,2,3,0,0,200
489,1362.742144829627,EXPOSE_CLIENT,Proxy 164,5,2,0,0,200
490,1365.8549265833728,EXPOSE_CLIENT,Proxy 58,1,6,0,0,200
491,1366.7745336628557,EXPOSE_CLIENT,Proxy 161,2,4,0,0,200
492,1373.7882409851297,EXPOSE_CLIENT,Proxy 66,3,4,0,0,200
493,1374.704947012807,EXPOSE_CLIENT,Proxy 7,3,3,0,0,200
494,1376.93388568807,EXPOSE_CLIENT,Proxy 33,3,5,0,0,200
495,1379.4611133702658,EXPOSE_CLIENT,Proxy 161,3,4,0,0,200
496,1379.986914853624,EXPOSE_CLIENT,Proxy 77,1,5,0,0,200
497,1381.7495816112255,EXPOSE_CLIENT,Proxy 85,2,5,0,0,200
498,1383.9007660898544,EXPOSE_CLIENT,Proxy 125,2,4,0,0,200
499,1395.6052692107905,EXPOSE_CLIENT,Proxy 92,3,4,0,0,200
500,1396.0261699256857,EXPOSE_CLIENT,Proxy 144,3,3,0,0,200
501,1396.4165016412849,EXPOSE_CLIENT,Proxy 95,5,2,0,0,200
502,1399.8198776084832,EXPOSE_CLIENT,Proxy 63,2,5,0,0,200
503,1401.4606009286656,EXPOSE_CLIENT,Proxy 100,3,2,0,0,200
504,1401.761457846428,EXPOSE_CLIENT,Proxy 52,0,8,0,0,200
505,1402.5550656935438,EXPOSE_CLIENT,Proxy 59,6,1,0,0,200
506,1408.1193026567303,EXPOSE_CLIENT,Proxy 199,2,4,0,0,200
507,1408.4780184421538,EXPOSE_CLIENT,Proxy 192,4,3,0,0,200
508,1413.6437064046543,EXPOSE_CLIENT,Proxy 175,3,4,0,0,200
509,1414.108199416532,EXPOSE_CLIENT,Proxy 157,4,3,0,0,200
510,1420.6021063945254,EXPOSE_CLIENT,Proxy 91,4,4,0,0,200
511,1423.9887848174212,EXPOSE_CLIENT,Proxy 167,4,1,0,0,200
512,1427.478646335467,EXPOSE_CLIENT,Proxy 17,2,5,0,0,200
513,1428.00657066539,EXPOSE_CLIENT,Proxy 29,3,5,0,0,200
514,1430.7783920205352,EXPOSE_CLIENT,Proxy 2,1,6,0,0,200
515,1432.634234209613,EXPOSE_CLIENT,Proxy 64,3,4,0,0,200
516,1434.0525417557612,EXPOSE_CLIENT,Proxy 197,1,5,0,0,200
517,1436.2512471930277,EXPOSE_CLIENT,Proxy 11,3,5,0,0,200
518,1438.1081432876927,EXPOSE_CLIENT,Proxy 39,4,3,0,0,200
519,1438.1634729804673,EXPOSE_CLIENT,Proxy 173,3,3,0,0,200
520,1439.1563500488658,EXPOSE_CLIENT,Proxy 94,2,6,0,0,200
521,1440.6605479158584,EXPOSE_CLIENT,Proxy 48,3,4,0,0,200
522,1441.5591931667439,EXPOSE_CLIENT,Proxy 90,5,2,0,0,200
523,1442.6725754036834,EXPOSE_CLIENT,Proxy 55,1,6,0,0,200
524,1443.0476932925662,EXPOSE_CLIENT,Proxy 185,2,5,0,0,200
525,1443.7228924463109,EXPOSE_CLIENT,Proxy 140,4,3,0,0,200
526,1446.6160144507141,EXPOSE_CLIENT,Proxy 10,3,4,0,0,200
527,1446.6498205270277,EXPOSE_CLIENT,Proxy 6,3,3,0,0,200
528,1450.526605624449,EXPOSE_CLIENT,Proxy 125,3,4,0,0,200
529,1451.894073081214,EXPOSE_CLIENT,Proxy 127,4,3,0,0,200
530,1459.7869929421242,EXPOSE_CLIENT,Proxy 187,2,6,0,0,200
531,1459.9723045073308,EXPOSE_CLIENT,Proxy 106,1,6,0,0,200
532,1464.68076801702,EXPOSE_CLIENT,Proxy 5,3,4,0,0,200
533,1467.5882518248977,EXPOSE_CLIENT,Proxy 196,3,4,0,0,200
534,1467.7241023979877,EXPOSE_CLIENT,Proxy 162,3,3,0,0,200
535,1470.0208859734432,EXPOSE_CLIENT,Proxy 193,5,2,0,0,200
536,1473.2200167026492,EXPOSE_CLIENT,Proxy 153,5,2,0,0,200
537,1474.6075383812217,EXPOSE_CLIENT,Proxy 32,4,4,0,0,200
538,1477.2120646204617,EXPOSE_CLIENT,Proxy 167,5,1,0,0,200
539,1485.2473052466805,EXPOSE_CLIENT,Proxy 144,4,4,0,0,200
540,1485.5081616074501,EXPOSE_CLIENT,Proxy 43,2,4,0,0,200
541,1486.1374694306605,EXPOSE_CLIENT,Proxy 148,3,4,0,0,200
542,1491.7366017108855,EXPOSE_CLIENT,Proxy 150,2,6,0,0,200
543,1493.5983609356265,EXPOSE_CLIENT,Proxy 165,3,4,0,0,200
544,1495.0350494104014,EXPOSE_CLIENT,Proxy 132,6,2,0,0,200
545,1496.7429099872388,EXPOSE_CLIENT,Proxy 41,4,1,0,0,200
546,1498.6203918708293,EXPOSE_CLIENT,Proxy 40,3,4,0,0,200
547,1498.8014018953666,EXPOSE_CLIENT,Proxy 76,4,4,0,0,200
548,1499.685852660994,EXPOSE_CLIENT,Proxy 108,3,3,0,0,200
549,1501.652012804312,EXPOSE_CLIENT,Proxy 195,3,5,0,0,200
550,1503.2034531226398,EXPOSE_CLIENT,Proxy 139,3,5,0,0,200
551,1505.0915120218037,EXPOSE_CLIENT,Proxy 47,2,5,0,0,200
552,1507.7820296010261,EXPOSE_CLIENT,Proxy 160,4,3,0,0,200
553,1511.6200343936057,EXPOSE_CLIENT,Proxy 160,5,3,0,0,200
554,1512.9420916604586,EXPOSE_CLIENT,Proxy 143,4,4,0,0,200
555,1512.984603811719,EXPOSE_CLIENT,Proxy 23,2,6,0,0,200
556,1515.8616613898669,EXPOSE_CLIENT,Proxy 68,1,6,0,0,200
557,1517.4021213923743,EXPOSE_CLIENT,Proxy 151,3,4,0,0,200
558,1518.4497879592955,EXPOSE_CLIENT,Proxy 153,6,2,0,0,200
559,1519.8221406655223,EXPOSE_CLIENT,Proxy 173,4,3,0,0,200
560,1520.8758480739803,EXPOSE_CLIENT,Proxy 16,2,6,0,0,200
561,1521.6592561811258,EXPOSE_CLIENT,Proxy 120,5,2,0,0,200
562,1522.9260354024896,EXPOSE_CLIENT,Proxy 155,2,5,0,0,200
563,1524.2154244805233,EXPOSE_CLIENT,Proxy 105,6,1,0,0,200
564,1525.2283224577277,EXPOSE_CLIENT,Proxy 131,3,4,0,0,200
565,1526.9733164569632,EXPOSE_CLIENT,Proxy 136,5,2,0,0,200
566,1527.3875824302388,EXPOSE_CLIENT,Proxy 99,3,4,0,0,200
567,1527.929024832044,EXPOSE_CLIENT,Proxy 35,3,4,0,0,200
568,1528.511259169882,EXPOSE_CLIENT,Proxy 97,6,2,0,0,200
569,1529.7902611003449,EXPOSE_CLIENT,Proxy 178,4,1,0,0,200
570,1530.825169870578,EXPOSE_CLIENT,Proxy 178,5,2,0,0,200
571,1531.673863374529,EXPOSE_CLIENT,Proxy 133,2,6,0,0,200
572,1532.7361836515136,EXPOSE_CLIENT,Proxy 65,2,7,0,0,200
573,1532.7738384966021,EXPOSE_CLIENT,Proxy 81,4,4,0,0,200
574,1534.5719387257238,EXPOSE_CLIENT,Proxy 98,1,6,0,0,200
575,1537.1218995303466,EXPOSE_CLIENT,Proxy 74,4,3,0,0,200
576,1538.031339317915,EXPOSE_CLIENT,Proxy 151,4,4,0,0,200
577,1538.1439906508783,EXPOSE_CLIENT,Proxy 37,4,3,0,0,200
578,1538.9750047208959,EXPOSE_CLIENT,Proxy 22,5,3,0,0,200
579,1539.0342359766232,EXPOSE_CLIENT,Proxy 124,3,5,0,0,200
580,1539.728069337202,EXPOSE_CLIENT,Proxy 197,2,5,0,0,200
581,1542.560246675725,EXPOSE_CLIENT,Proxy 13,2,6,0,0,200
582,1544.5524636147604,EXPOSE_CLIENT,Proxy 191,6,2,0,0,200
583,1545.519699007442,EXPOSE_CLIENT,Proxy 15,4,4,0,0,200
584,1547.6648361490736,EXPOSE_CLIENT,Proxy 115,5,2,0,0,200
585,1547.9739662156644,EXPOSE_CLIENT,Proxy 108,4,3,0,0,200
586,1550.2386449114142,EXPOSE_CLIENT,Proxy 61,2,5,0,0,200
587,1553.0277846130866,EXPOSE_CLIENT,Proxy 104,3,4,0,0,200
588,1553.3237419833276,EXPOSE_CLIENT,Proxy 7,4,3,0,0,200
589,1553.4829787488045,EXPOSE_CLIENT,Proxy 82,6,1,0,0,200
590,1554.445509384191,EXPOSE_CLIENT,Proxy 137,2,6,0,0,200
591,1556.4070692710093,EXPOSE_CLIENT,Proxy 171,5,1,0,0,200
592,1557.559180654435,EXPOSE_CLIENT,Proxy 125,4,4,0,0,200
593,1558.7106664306684,EXPOSE_CLIENT,Proxy 118,4,3,0,0,200
594,1565.7794552879104,EXPOSE_CLIENT,Proxy 111,3,3,0,0,200
595,1566.520187194752,EXPOSE_CLIENT,Proxy 40,4,4,0,0,200
596,1566.5463195204472,EXPOSE_CLIENT,Proxy 74,5,3,0,0,200
597,1567.558932157506,EXPOSE_CLIENT,Proxy 8,4,4,0,0,200
598,1569.938970913696,EXPOSE_CLIENT,Proxy 111,4,3,0,0,200
599,1574.4854744552301,EXPOSE_CLIENT,Proxy 14,5,2,0,0,200
600,1575.8156126505146,EXPOSE_CLIENT,Proxy 164,6,2,0,0,200
601,1576.361098641468,EXPOSE_CLIENT,Proxy 128,6,2,0,0,200
602,1579.386032691119,EXPOSE_CLIENT,Proxy 147,4,4,0,0,200
603,1579.9238128414893,EXPOSE_CLIENT,Proxy 185,3,5,0,0,200
604,1581.2234605476165,EXPOSE_CLIENT,Proxy 24,2,6,0,0,200
605,1582.945557553967,EXPOSE_CLIENT,Proxy 88,1,4,0,0,200
606,1584.4723738255027,EXPOSE_CLIENT,Proxy 114,2,6,0,0,200
607,1586.1820417654733,EXPOSE_CLIENT,Proxy 49,3,4,0,0,200
608,1587.0760970875517,EXPOSE_CLIENT,Proxy 1,3,5,0,0,200
609,1587.9310458770972,EXPOSE_CLIENT,Proxy 83,3,5,0,0,200
610,1588.0794562629328,EXPOSE_CLIENT,Proxy 82,7,1,0,0,200
611,1589.2629239316154,EXPOSE_CLIENT,Proxy 77,2,6,0,0,200
612,1589.3166297361895,EXPOSE_CLIENT,Proxy 153,7,2,0,0,200
613,1593.2518191098782,EXPOSE_CLIENT,Proxy 86,3,6,0,0,200
614,1597.8529799108017,EXPOSE_CLIENT,Proxy 33,4,5,0,0,200
615,1598.4463182323484,EXPOSE_CLIENT,Proxy 3,3,4,0,0,200
616,1600.1953351754444,EXPOSE_CLIENT,Proxy 117,3,4,0,0,200
617,1601.5753044615683,EXPOSE_CLIENT,Proxy 40,5,4,0,0,200
618,1606.7238359228706,EXPOSE_CLIENT,Proxy 161,4,4,0,0,200
619,1606.7805070844445,EXPOSE_CLIENT,Proxy 180,7,1,0,0,200
620,1606.8652650568968,EXPOSE_CLIENT,Proxy 29,4,5,0,0,200
621,1612.6264029351935,EXPOSE_CLIENT,Proxy 36,4,3,0,0,200
622,1613.1500259096028,EXPOSE_CLIENT,Proxy 95,6,2,0,0,200
623,1613.9371748814444,EXPOSE_CLIENT,Proxy 156,2,5,0,0,200
624,1613.9875915579667,EXPOSE_CLIENT,Proxy 42,6,2,0,0,200
625,1615.7415315190028,EXPOSE_CLIENT,Proxy 71,1,5,0,0,200
626,1616.3746976958448,EXPOSE_CLIENT,Proxy 111,5,3,0,0,200
627,1617.1885994117545,EXPOSE_CLIENT,Proxy 6,4,3,0,0,200
628,1618.020535221308,EXPOSE_CLIENT,Proxy 5,4,4,0,0,200
629,1619.9175049384837,EXPOSE_CLIENT,Proxy 146,3,6,0,0,200
630,1626.0472859289328,EXPOSE_CLIENT,Proxy 73,5,3,0,0,200
631,1626.2415255117676,EXPOSE_CLIENT,Proxy 132,7,2,0,0,200
632,1632.1547916852185,EXPOSE_CLIENT,Proxy 53,4,3,0,0,200
633,1633.9133024879075,EXPOSE_CLIENT,Proxy 75,6,2,0,0,200
634,1634.15964410581,EXPOSE_CLIENT,Proxy 135,2,6,0,0,200
635,1638.9604554442164,EXPOSE_CLIENT,Proxy 161,5,4,0,0,200
636,1641.2535044419224,EXPOSE_CLIENT,Proxy 127,5,3,0,0,200
637,1644.1209115058327,EXPOSE_CLIENT,Proxy 50,5,3,0,0,200
638,1646.0475376211095,EXPOSE_CLIENT,Proxy 126,5,3,0,0,200
639,1689.0,CENSOR_TRACK,,836,853,0,200,0
640,0.0,ENUMERATE_PROXY,Proxy 112,0,0,0,0,1
641,2.986665534175969,ENUMERATE_PROXY,Proxy 92,0,0,0,0,2
642,2.987081469078573,ENUMERATE_PROXY,Proxy 187,0,0,0,0,3
643,3.463413028036496,ENUMERATE_PROXY,Proxy 179,0,0,0,0,4
644,8.979825128972426,ENUMERATE_PROXY,Proxy 121,0,0,0,0,5
645,12.550944483050518,ENUMERATE_PROXY,Proxy 24,0,0,0,0,6
646,13.391276876201408,ENUMERATE_PROXY,Proxy 36,0,0,0,0,7
647,14.348806099252934,ENUMERATE_PROXY,Proxy 197,0,0,0,0,8
648,15.274460613902281,ENUMERATE_PROXY,Proxy 51,0,0,0,0,9
649,15.405680683925175,ENUMERATE_PROXY,Proxy 70,0,0,0,0,10
650,18.977709719146766,ENUMERATE_PROXY,Proxy 1,0,0,0,0,11
651,20.55567310349023,ENUMERATE_PROXY,Proxy 9,0,0,0,0,12
652,21.04067854147694,ENUMERATE_PROXY,Proxy 29,0,0,0,0,13
653,21.63224950096157,ENUMERATE_PROXY,Proxy 99,0,0,0,0,14
654,25.77005167673118,ENUMERATE_PROXY,Proxy 43,0,0,0,0,15
655,27.176368645778037,MISS_ENUMERATE_PROXY,Proxy 70,0,1,0,0,15
656,28.244478722073165,ENUMERATE_PROXY,Proxy 116,0,0,0,0,16
657,29.171885104146007,ENUMERATE_PROXY,Proxy 163,0,0,0,0,17
658,29.6703164227109,ENUMERATE_PROXY,Proxy 86,0,0,0,0,18
659,35.476117024517684,ENUMERATE_PROXY,Proxy 122,0,0,0,0,19
660,37.85361109988069,ENUMERATE_PROXY,Proxy 88,0,0,0,0,20
661,45.72367662335468,ENUMERATE_PROXY,Proxy 102,0,0,0,0,21
662,46.07780855177599,ENUMERATE_PROXY,Proxy 124,0,0,0,0,22
663,46.191164154732576,MISS_ENUMERATE_PROXY,Proxy 1,0,1,0,0,22
664,47.160022021607865,ENUMERATE_PROXY,Proxy 189,0,0,0,0,23
665,49.85256505074292,ENUMERATE_PROXY,Proxy 78,0,0,0,0,24
666,49.945507922943925,ENUMERATE_PROXY,Proxy 55,0,0,0,0,25
667,53.456508815346446,ENUMERATE_PROXY,Proxy 73,0,0,0,0,26
668,53.70379158867363,ENUMERATE_PROXY,Proxy 19,0,0,0,0,27
669,61.50274861119572,MISS_ENUMERATE_PROXY,Proxy 122,0,1,0,0,27
670,63.85098482044899,MISS_ENUMERATE_PROXY,Proxy 187,0,1,0,0,27
671,68.61738385527237,ENUMERATE_PROXY,Proxy 103,0,0,0,0,28
672,71.57805038955831,ENUMERATE_PROXY,Proxy 162,0,0,0,0,29
673,71.61806405026357,ENUMERATE_PROXY,Proxy 6,0,0,0,0,30
674,71.92138450139682,ENUMERATE_PROXY,Proxy 146,0,0,0,0,31
675,72.70476444457216,ENUMERATE_PROXY,Proxy 185,0,0,0,0,32
676,73.65499672571417,ENUMERATE_PROXY,Proxy 198,0,0,0,0,33
677,74.04015595974182,ENUMERATE_PROXY,Proxy 35,0,0,0,0,34
678,78.34157406420464,ENUMERATE_PROXY,Proxy 161,0,0,0,0,35
679,81.25629348278686,ENUMERATE_PROXY,Proxy 151,0,0,0,0,36
680,82.2448586317203,ENUMERATE_PROXY,Proxy 113,0,0,0,0,37
681,84.93163556394626,MISS_ENUMERATE_PROXY,Proxy 24,0,1,0,0,37
682,85.27784440258132,MISS_ENUMERATE_PROXY,Proxy 121,0,1,0,0,37
683,86.21828401854435,ENUMERATE_PROXY,Proxy 172,0,0,0,0,38
684,94.01847031213464,ENUMERATE_PROXY,Proxy 199,0,0,0,0,39
685,95.88773547572092,ENUMERATE_PROXY,Proxy 85,0,0,0,0,40
686,96.11256505917962,ENUMERATE_PROXY,Proxy 166,0,0,0,0,41
687,97.41112427166577,ENUMERATE_PROXY,Proxy 3,0,0,0,0,42
688,99.1926433470206,ENUMERATE_PROXY,Proxy 100,0,0,0,0,43
689,103.39832483742728,ENUMERATE_PROXY,Proxy 30,0,0,0,0,44
690,110.81103564944581,ENUMERATE_PROXY,Proxy 117,0,0,0,0,45
691,111.81273451572555,ENUMERATE_PROXY,Proxy 104,0,0,0,0,46
692,117.96587834926756,ENUMERATE_PROXY,Proxy 164,0,0,0,0,47
693,119.90819567797274,ENUMERATE_PROXY,Proxy 169,0,0,0,0,48
694,121.35236367981561,ENUMERATE_PROXY,Proxy 194,0,0,0,0,49
695,122.83906167757335,ENUMERATE_PROXY,Proxy 89,0,0,0,0,50
696,123.00297988543767,ENUMERATE_PROXY,Proxy 67,0,0,0,0,51
697,123.26028926156391,ENUMERATE_PROXY,Proxy 5,0,0,0,0,52
698,124.97861062368708,MISS_ENUMERATE_PROXY,Proxy 113,0,1,0,0,52
699,127.95096089100036,ENUMERATE_PROXY,Proxy 79,0,0,0,0,53
700,128.5987691193774,MISS_ENUMERATE_PROXY,Proxy 3,0,1,0,0,53
701,129.15106806124285,ENUMERATE_PROXY,Proxy 76,1,0,0,0,54
702,129.70212899543802,ENUMERATE_PROXY,Proxy 108,0,0,0,0,55
703,130.24473644394502,ENUMERATE_PROXY,Proxy 94,0,0,0,0,56
704,130.38725403435956,ENUMERATE_PROXY,Proxy 126,0,0,0,0,57
705,131.98080030913422,ENUMERATE_PROXY,Proxy 56,0,0,0,0,58
706,136.13594302792373,ENUMERATE_PROXY,Proxy 87,0,0,0,0,59
707,136.42408352652694,ENUMERATE_PROXY,Proxy 177,0,0,0,0,60
708,138.04951054694834,ENUMERATE_PROXY,Proxy 33,0,0,0,0,61
709,138.29874500246882,ENUMERATE_PROXY,Proxy 157,0,0,0,0,62
710,139.6882239310084,MISS_ENUMERATE_PROXY,Proxy 172,0,1,0,0,62
711,142.29443333990545,ENUMERATE_PROXY,Proxy 105,0,0,0,0,63
712,147.34941941347435,ENUMERATE_PROXY,Proxy 16,1,0,0,0,64
713,148.76255158286205,ENUMERATE_PROXY,Proxy 130,0,0,0,0,65
714,150.6656398455382,ENUMERATE_PROXY,Proxy 25,1,0,0,0,66
715,154.54951652537625,ENUMERATE_PROXY,Proxy 148,0,0,0,0,67
716,156.18805653848813,ENUMERATE_PROXY,Proxy 20,1,0,0,0,68
717,156.86274858799533,ENUMERATE_PROXY,Proxy 14,0,0,0,0,69
718,163.23387439396072,ENUMERATE_PROXY,Proxy 98,0,0,0,0,70
719,163.88089095281956,MISS_ENUMERATE_PROXY,Proxy 6,0,1,0,0,70
720,164.88112289421636,ENUMERATE_PROXY,Proxy 175,0,0,0,0,71
721,165.31781765913166,MISS_ENUMERATE_PROXY,Proxy 14,0,1,0,0,71
722,167.04271817078177,ENUMERATE_PROXY,Proxy 31,0,0,0,0,72
723,169.23533174384391,ENUMERATE_PROXY,Proxy 193,1,0,0,0,73
724,170.53190066755562,ENUMERATE_PROXY,Proxy 28,0,0,0,0,74
725,171.83188895474444,MISS_ENUMERATE_PROXY,Proxy 197,0,1,0,0,74
726,171.97141316410136,MISS_ENUMERATE_PROXY,Proxy 108,0,1,0,0,74
727,172.43390700583726,ENUMERATE_PROXY,Proxy 155,0,0,0,0,75
728,172.50531920837793,ENUMERATE_PROXY,Proxy 65,0,0,0,0,76
729,175.19937859768382,ENUMERATE_PROXY,Proxy 181,1,0,0,0,77
730,177.02347608916875,ENUMERATE_PROXY,Proxy 32,0,0,0,0,78
731,178.05705632962375,ENUMERATE_PROXY,Proxy 18,0,0,0,0,79
732,181.58146051331664,MISS_ENUMERATE_PROXY,Proxy 67,1,1,0,0,79
733,184.0265856985366,MISS_ENUMERATE_PROXY,Proxy 146,1,1,0,0,79
734,184.31710865684346,MISS_ENUMERATE_PROXY,Proxy 89,0,1,0,0,79
735,185.01193928628777,MISS_ENUMERATE_PROXY,Proxy 155,0,1,0,0,79
736,188.50830182487704,ENUMERATE_PROXY,Proxy 47,0,0,0,0,80
737,188.57668177919635,MISS_ENUMERATE_PROXY,Proxy 28,0,1,0,0,80
738,190.57368271316776,MISS_ENUMERATE_PROXY,Proxy 43,0,1,0,0,80
739,190.81267068885745,ENUMERATE_PROXY,Proxy 142,1,0,0,0,81
740,193.0571261877799,ENUMERATE_PROXY,Proxy 133,0,0,0,0,82
741,193.76540835472684,ENUMERATE_PROXY,Proxy 186,1,0,0,0,83
742,194.74836155512446,ENUMERATE_PROXY,Proxy 183,0,0,0,0,84
743,196.90574943371146,ENUMERATE_PROXY,Proxy 45,0,0,0,0,85
744,197.31716135248203,ENUMERATE_PROXY,Proxy 13,1,0,0,0,86
745,197.76010320197807,MISS_ENUMERATE_PROXY,Proxy 185,0,1,0,0,86
746,200.966930662188,ENUMERATE_PROXY,Proxy 195,1,0,0,0,87
747,204.88571145519586,MISS_ENUMERATE_PROXY,Proxy 162,0,1,0,0,87
748,205.8128245703823,MISS_ENUMERATE_PROXY,Proxy 94,0,1,0,0,87
749,207.39039794844115,ENUMERATE_PROXY,Proxy 61,1,0,0,0,88
750,208.5638079903058,ENUMERATE_PROXY,Proxy 50,1,0,0,0,89
751,210.0303578107562,ENUMERATE_PROXY,Proxy 141,1,0,0,0,90
752,210.35564222630774,ENUMERATE_PROXY,Proxy 134,0,0,0,0,91
753,212.49282372919362,MISS_ENUMERATE_PROXY,Proxy 134,0,1,0,0,91
754,214.20981429185446,MISS_ENUMERATE_PROXY,Proxy 55,0,1,0,0,91
755,217.3793441373241,ENUMERATE_PROXY,Proxy 159,0,0,0,0,92
756,219.3297972659299,ENUMERATE_PROXY,Proxy 137,0,0,0,0,93
757,222.0807565056735,ENUMERATE_PROXY,Proxy 176,0,0,0,0,94
758,223.3170625898111,ENUMERATE_PROXY,Proxy 107,0,0,0,0,95
759,223.95671580773512,ENUMERATE_PROXY,Proxy 77,0,0,0,0,96
760,233.93908124667414,MISS_ENUMERATE_PROXY,Proxy 77,0,1,0,0,96
761,235.79203410244975,MISS_ENUMERATE_PROXY,Proxy 24,0,2,0,0,96
762,245.52795678966783,ENUMERATE_PROXY,Proxy 114,1,0,0,0,97
763,249.2821674333738,MISS_ENUMERATE_PROXY,Proxy 102,1,1,0,0,97
764,250.0626668835098,MISS_ENUMERATE_PROXY,Proxy 98,0,1,0,0,97
765,253.77453277412374,ENUMERATE_PROXY,Proxy 174,0,0,0,0,98
766,255.86003501158902,MISS_ENUMERATE_PROXY,Proxy 56,0,1,0,0,98
767,258.656104019214,ENUMERATE_PROXY,Proxy 168,1,0,0,0,99
768,259.85748558375025,ENUMERATE_PROXY,Proxy 150,0,0,0,0,100
769,260.47855743057295,ENUMERATE_PROXY,Proxy 106,0,0,0,0,101
770,261.1301549128079,ENUMERATE_PROXY,Proxy 111,1,0,0,0,102
771,262.2851202002332,MISS_ENUMERATE_PROXY,Proxy 32,0,1,0,0,102
772,262.42647078579853,ENUMERATE_PROXY,Proxy 123,0,0,0,0,103
773,267.81300764154463,ENUMERATE_PROXY,Proxy 40,1,0,0,0,104
774,268.2336240581489,ENUMERATE_PROXY,Proxy 21,0,0,0,0,105
775,270.16383679517514,ENUMERATE_PROXY,Proxy 64,0,0,0,0,106
776,270.4386895973853,ENUMERATE_PROXY,Proxy 156,0,0,0,0,107
777,270.54815695616776,ENUMERATE_PROXY,Proxy 11,1,0,0,0,108
778,270.5586951740577,MISS_ENUMERATE_PROXY,Proxy 31,0,1,0,0,108
779,270.9903225627499,ENUMERATE_PROXY,Proxy 0,0,0,0,0,109
780,271.65953197587856,ENUMERATE_PROXY,Proxy 54,1,0,0,0,110
781,274.75313310821525,MISS_ENUMERATE_PROXY,Proxy 156,0,1,0,0,110
782,275.94815259811685,MISS_ENUMERATE_PROXY,Proxy 16,1,1,0,0,110
783,276.14965117468716,MISS_ENUMERATE_PROXY,Proxy 94,0,2,0,0,110
784,278.5925816565602,MISS_ENUMERATE_PROXY,Proxy 177,0,1,0,0,110
785,279.46595742088647,MISS_ENUMERATE_PROXY,Proxy 64,0,1,0,0,110
786,279.8650147646169,MISS_ENUMERATE_PROXY,Proxy 176,0,1,0,0,110
787,287.29554547472577,MISS_ENUMERATE_PROXY,Proxy 107,0,1,0,0,110
788,289.1811785779406,MISS_ENUMERATE_PROXY,Proxy 65,0,1,0,0,110
789,292.6922559312471,ENUMERATE_PROXY,Proxy 58,0,0,0,0,111
790,293.44700834808094,ENUMERATE_PROXY,Proxy 68,0,0,0,0,112
791,294.3397075826586,MISS_ENUMERATE_PROXY,Proxy 159,0,1,0,0,112
792,296.99067081413676,ENUMERATE_PROXY,Proxy 135,0,0,0,0,113
793,298.277057349916,ENUMERATE_PROXY,Proxy 52,0,0,0,0,114
794,301.39588593727643,ENUMERATE_PROXY,Proxy 2,0,0,0,0,115
795,302.8124338138672,ENUMERATE_PROXY,Proxy 143,2,0,0,0,116
796,305.7850949818146,MISS_ENUMERATE_PROXY,Proxy 2,0,1,0,0,116
797,312.9789165886751,MISS_ENUMERATE_PROXY,Proxy 61,1,1,0,0,116
798,313.0666101984074,MISS_ENUMERATE_PROXY,Proxy 47,0,1,0,0,116
799,313.26479350195467,MISS_ENUMERATE_PROXY,Proxy 185,0,2,0,0,116
800,313.68907497962635,MISS_ENUMERATE_PROXY,Proxy 104,1,1,0,0,116
801,315.69285074175536,MISS_ENUMERATE_PROXY,Proxy 20,1,1,0,0,116
802,315.77155798777835,MISS_ENUMERATE_PROXY,Proxy 124,0,1,0,0,116
803,317.2028725610035,MISS_ENUMERATE_PROXY,Proxy 150,1,1,0,0,116
804,326.05238172343616,MISS_ENUMERATE_PROXY,Proxy 52,0,1,0,0,116
805,328.7254491264046,MISS_ENUMERATE_PROXY,Proxy 92,1,1,0,0,116
806,330.33033907078095,MISS_ENUMERATE_PROXY,Proxy 161,0,1,0,0,116
807,330.4349440137109,ENUMERATE_PROXY,Proxy 190,1,0,0,0,117
808,334.1643542990462,MISS_ENUMERATE_PROXY,Proxy 157,0,1,0,0,117
809,336.1209388852669,MISS_ENUMERATE_PROXY,Proxy 156,0,2,0,0,117
810,339.0402512582643,ENUMERATE_PROXY,Proxy 136,1,0,0,0,118
811,339.2126447307251,MISS_ENUMERATE_PROXY,Proxy 52,0,2,0,0,118
812,339.917314529324,ENUMERATE_PROXY,Proxy 140,2,0,0,0,119
813,342.67929402340405,ENUMERATE_PROXY,Proxy 48,1,0,0,0,120
814,349.7705232168404,ENUMERATE_PROXY,Proxy 184,1,0,0,0,121
815,351.20263642473617,MISS_ENUMERATE_PROXY,Proxy 113,0,2,0,0,121
816,352.6685759524085,MISS_ENUMERATE_PROXY,Proxy 112,0,1,0,0,121
817,354.3796911574451,ENUMERATE_PROXY,Proxy 63,0,0,0,0,122
818,356.0019214541358,MISS_ENUMERATE_PROXY,Proxy 103,1,1,0,0,122
819,356.4803674846793,ENUMERATE_PROXY,Proxy 26,0,0,0,0,123
820,356.7243311982926,MISS_ENUMERATE_PROXY,Proxy 114,1,1,0,0,123
821,358.07471222786967,ENUMERATE_PROXY,Proxy 60,2,0,0,0,124
822,360.6510888918989,ENUMERATE_PROXY,Proxy 178,2,0,0,0,125
823,363.28617689857697,ENUMERATE_PROXY,Proxy 49,0,0,0,0,126
824,363.73496208458647,ENUMERATE_PROXY,Proxy 83,0,0,0,0,127
825,364.4361904805797,MISS_ENUMERATE_PROXY,Proxy 18,0,1,0,0,127
826,364.49490622192656,ENUMERATE_PROXY,Proxy 144,0,0,0,0,128
827,365.70013966165425,MISS_ENUMERATE_PROXY,Proxy 6,0,2,0,0,128
828,366.9399857525601,ENUMERATE_PROXY,Proxy 22,2,0,0,0,129
829,367.4860378610262,ENUMERATE_PROXY,Proxy 115,2,0,0,0,130
830,370.1565895978838,MISS_ENUMERATE_PROXY,Proxy 0,0,1,0,0,130
831,370.9674136796729,ENUMERATE_PROXY,Proxy 38,2,0,0,0,131
832,371.8904796451499,MISS_ENUMERATE_PROXY,Proxy 63,0,1,0,0,131
833,372.30224820603024,ENUMERATE_PROXY,Proxy 152,1,0,0,0,132
834,373.66748928217703,ENUMERATE_PROXY,Proxy 42,2,0,0,0,133
835,375.40483327294214,ENUMERATE_PROXY,Proxy 165,0,0,0,0,134
836,379.0950522696892,ENUMERATE_PROXY,Proxy 120,2,0,0,0,135
837,379.5545478652722,MISS_ENUMERATE_PROXY,Proxy 5,1,1,0,0,135
838,382.07109264079514,MISS_ENUMERATE_PROXY,Proxy 21,0,1,0,0,135
839,383.38793328744873,ENUMERATE_PROXY,Proxy 57,1,0,0,0,136
840,384.93690571004464,ENUMERATE_PROXY,Proxy 97,2,0,0,0,137
841,387.5300761894921,MISS_ENUMERATE_PROXY,Proxy 198,1,1,0,0,137
842,388.9861808889141,ENUMERATE_PROXY,Proxy 131,1,0,0,0,138
843,390.3219113151903,MISS_ENUMERATE_PROXY,Proxy 58,0,1,0,0,138
844,390.8255667379913,MISS_ENUMERATE_PROXY,Proxy 30,0,1,0,0,138
845,394.25157778585157,ENUMERATE_PROXY,Proxy 93,1,0,0,0,139
846,395.2130021852459,MISS_ENUMERATE_PROXY,Proxy 159,0,2,0,0,139
847,399.7489124513733,MISS_ENUMERATE_PROXY,Proxy 112,0,2,0,0,139
848,400.53546245736993,MISS_ENUMERATE_PROXY,Proxy 106,0,1,0,0,139
849,401.0663812143103,MISS_ENUMERATE_PROXY,Proxy 52,0,3,0,0,139
850,401.1263891638776,ENUMERATE_PROXY,Proxy 90,3,0,0,0,140
851,402.6630822813151,ENUMERATE_PROXY,Proxy 145,1,0,0,0,141
852,403.46435159320924,MISS_ENUMERATE_PROXY,Proxy 86,0,1,0,0,141
853,403.47819936746384,MISS_ENUMERATE_PROXY,Proxy 199,1,1,0,0,141
854,405.2091890403912,MISS_ENUMERATE_PROXY,Proxy 64,0,2,0,0,141
855,406.49374288475525,MISS_ENUMERATE_PROXY,Proxy 198,1,2,0,0,141
856,408.86323501576817,MISS_ENUMERATE_PROXY,Proxy 98,1,2,0,0,141
857,412.39454846879926,ENUMERATE_PROXY,Proxy 46,1,0,0,0,142
858,417.6054565492646,MISS_ENUMERATE_PROXY,Proxy 45,1,1,0,0,142
859,419.4853271119369,ENUMERATE_PROXY,Proxy 191,1,0,0,0,143
860,422.55582664531516,MISS_ENUMERATE_PROXY,Proxy 68,0,1,0,0,143
861,429.53347009926574,MISS_ENUMERATE_PROXY,Proxy 151,2,1,0,0,143
862,432.44570170223056,MISS_ENUMERATE_PROXY,Proxy 106,0,2,0,0,143
863,432.606045000477,MISS_ENUMERATE_PROXY,Proxy 2,1,2,0,0,143
864,435.1033037945712,MISS_ENUMERATE_PROXY,Proxy 93,1,1,0,0,143
865,435.1729642617061,MISS_ENUMERATE_PROXY,Proxy 166,1,1,0,0,143
866,436.1896841069014,ENUMERATE_PROXY,Proxy 173,1,0,0,0,144
867,436.48659951166024,ENUMERATE_PROXY,Proxy 34,2,0,0,0,145
868,437.55718469966916,ENUMERATE_PROXY,Proxy 188,1,0,0,0,146
869,438.1181464902033,MISS_ENUMERATE_PROXY,Proxy 55,0,2,0,0,146
870,442.1963882114209,ENUMERATE_PROXY,Proxy 154,0,0,0,0,147
871,445.7496720241621,ENUMERATE_PROXY,Proxy 160,3,0,0,0,148
872,446.35669708943857,ENUMERATE_PROXY,Proxy 110,2,0,0,0,149
873,446.4019228292621,MISS_ENUMERATE_PROXY,Proxy 67,1,2,0,0,149
874,446.40428207897304,MISS_ENUMERATE_PROXY,Proxy 83,0,1,0,0,149
875,448.63599927289533,MISS_ENUMERATE_PROXY,Proxy 35,0,1,0,0,149
876,450.46126154373565,ENUMERATE_PROXY,Proxy 128,2,0,0,0,150
877,450.81511261967773,MISS_ENUMERATE_PROXY,Proxy 144,0,1,0,0,150
878,451.55391136672495,ENUMERATE_PROXY,Proxy 7,2,0,0,0,151
879,453.63703199996377,MISS_ENUMERATE_PROXY,Proxy 68,0,2,0,0,151
880,459.28862788817787,MISS_ENUMERATE_PROXY,Proxy 13,2,1,0,0,151
881,461.4489714718374,MISS_ENUMERATE_PROXY,Proxy 35,0,2,0,0,151
882,466.7949990381162,MISS_ENUMERATE_PROXY,Proxy 155,0,2,0,0,151
883,470.0302076332933,MISS_ENUMERATE_PROXY,Proxy 176,1,2,0,0,151
884,470.69671884505135,MISS_ENUMERATE_PROXY,Proxy 195,1,1,0,0,151
885,475.16439859699506,MISS_ENUMERATE_PROXY,Proxy 142,1,1,0,0,151
886,478.91857262867325,MISS_ENUMERATE_PROXY,Proxy 175,1,1,0,0,151
887,479.50688334107866,ENUMERATE_PROXY,Proxy 17,0,0,0,0,152
888,483.2915505819447,MISS_ENUMERATE_PROXY,Proxy 161,0,2,0,0,152
889,487.3657568312096,MISS_ENUMERATE_PROXY,Proxy 152,2,1,0,0,152
890,487.9383981957738,MISS_ENUMERATE_PROXY,Proxy 111,1,1,0,0,152
891,488.177042464548,MISS_ENUMERATE_PROXY,Proxy 193,2,1,0,0,152
892,489.9906109443607,MISS_ENUMERATE_PROXY,Proxy 145,1,1,0,0,152
893,491.04209705105416,MISS_ENUMERATE_PROXY,Proxy 188,1,1,0,0,152
894,495.9031314299952,MISS_ENUMERATE_PROXY,Proxy 190,2,1,0,0,152
895,497.6321294832356,MISS_ENUMERATE_PROXY,Proxy 110,2,1,0,0,152
896,502.7162200001374,MISS_ENUMERATE_PROXY,Proxy 124,0,2,0,0,152
897,503.66483835698705,MISS_ENUMERATE_PROXY,Proxy 172,1,2,0,0,152
898,503.9919104013344,ENUMERATE_PROXY,Proxy 147,1,0,0,0,153
899,504.71975914475377,MISS_ENUMERATE_PROXY,Proxy 40,1,1,0,0,153
900,506.32488069808744,MISS_ENUMERATE_PROXY,Proxy 168,2,1,0,0,153
901,506.54180695906,MISS_ENUMERATE_PROXY,Proxy 85,1,1,0,0,153
902,506.5752966304003,ENUMERATE_PROXY,Proxy 127,1,0,0,0,154
903,508.1305769070508,MISS_ENUMERATE_PROXY,Proxy 141,1,1,0,0,154
904,508.8421950710352,MISS_ENUMERATE_PROXY,Proxy 28,1,2,0,0,154
905,512.0186869195308,MISS_ENUMERATE_PROXY,Proxy 48,1,1,0,0,154
906,514.7520626676746,MISS_ENUMERATE_PROXY,Proxy 89,2,2,0,0,154
907,515.4333048987712,MISS_ENUMERATE_PROXY,Proxy 20,1,2,0,0,154
908,516.5803886066996,ENUMERATE_PROXY,Proxy 72,1,0,0,0,155
909,517.7428796598231,MISS_ENUMERATE_PROXY,Proxy 137,1,1,0,0,155
910,518.4428532003328,MISS_ENUMERATE_PROXY,Proxy 47,0,2,0,0,155
911,523.3272602698491,MISS_ENUMERATE_PROXY,Proxy 124,0,3,0,0,155
912,526.5137257528334,MISS_ENUMERATE_PROXY,Proxy 114,1,2,0,0,155
913,532.3451496429018,MISS_ENUMERATE_PROXY,Proxy 43,1,2,0,0,155
914,533.1767686266703,MISS_ENUMERATE_PROXY,Proxy 68,0,3,0,0,155
915,535.3413943429902,MISS_ENUMERATE_PROXY,Proxy 102,1,2,0,0,155
916,535.5508661024948,ENUMERATE_PROXY,Proxy 53,2,0,0,0,156
917,536.7558787953618,MISS_ENUMERATE_PROXY,Proxy 49,1,1,0,0,156
918,538.2721825842618,MISS_ENUMERATE_PROXY,Proxy 195,1,2,0,0,156
919,538.4318558308883,MISS_ENUMERATE_PROXY,Proxy 187,0,2,0,0,156
920,538.8501008273798,MISS_ENUMERATE_PROXY,Proxy 11,2,1,0,0,156
921,540.3225610128266,ENUMERATE_PROXY,Proxy 8,1,0,0,0,157
922,540.6239539198699,MISS_ENUMERATE_PROXY,Proxy 104,1,2,0,0,157
923,541.8873403292191,MISS_ENUMERATE_PROXY,Proxy 58,0,2,0,0,157
924,542.4274421420065,MISS_ENUMERATE_PROXY,Proxy 189,1,1,0,0,157
925,547.288453382868,ENUMERATE_PROXY,Proxy 125,2,0,0,0,158
926,548.8890157926111,MISS_ENUMERATE_PROXY,Proxy 29,1,1,0,0,158
927,548.8949259077468,MISS_ENUMERATE_PROXY,Proxy 26,0,1,0,0,158
928,549.2945860111237,ENUMERATE_PROXY,Proxy 139,2,0,0,0,159
929,554.2837805316625,MISS_ENUMERATE_PROXY,Proxy 156,0,3,0,0,159
930,557.3340046512614,MISS_ENUMERATE_PROXY,Proxy 54,1,1,0,0,159
931,557.9300057070905,MISS_ENUMERATE_PROXY,Proxy 58,0,3,0,0,159
932,561.1181201184505,MISS_ENUMERATE_PROXY,Proxy 133,0,1,0,0,159
933,561.7802761259203,MISS_ENUMERATE_PROXY,Proxy 8,1,1,0,0,159
934,563.4884074584827,MISS_ENUMERATE_PROXY,Proxy 56,0,2,0,0,159
935,563.9774174542242,MISS_ENUMERATE_PROXY,Proxy 20,1,3,0,0,159
936,574.191068523452,ENUMERATE_PROXY,Proxy 44,1,0,0,0,160
937,576.3667252954803,ENUMERATE_PROXY,Proxy 182,1,0,0,0,161
938,577.9687776771895,MISS_ENUMERATE_PROXY,Proxy 45,1,2,0,0,161
939,578.0558315902281,MISS_ENUMERATE_PROXY,Proxy 83,1,2,0,0,161
940,579.0846381539053,MISS_ENUMERATE_PROXY,Proxy 164,2,1,0,0,161
941,579.3222495635504,ENUMERATE_PROXY,Proxy 4,3,0,0,0,162
942,579.7766613501618,ENUMERATE_PROXY,Proxy 27,2,0,0,0,163
943,581.4307641741843,MISS_ENUMERATE_PROXY,Proxy 27,2,1,0,0,163
944,581.4902634821749,ENUMERATE_PROXY,Proxy 196,2,0,0,0,164
945,586.6092666728862,ENUMERATE_PROXY,Proxy 10,2,0,0,0,165
946,586.873595375149,MISS_ENUMERATE_PROXY,Proxy 174,1,1,0,0,165
947,588.5872263685196,ENUMERATE_PROXY,Proxy 71,1,0,0,0,166
948,588.8548397634778,MISS_ENUMERATE_PROXY,Proxy 161,0,3,0,0,166
949,589.6791558850775,MISS_ENUMERATE_PROXY,Proxy 107,0,2,0,0,166
950,590.148305372751,MISS_ENUMERATE_PROXY,Proxy 186,2,1,0,0,166
951,594.6768922185387,MISS_ENUMERATE_PROXY,Proxy 8,1,2,0,0,166
952,594.9721711360453,MISS_ENUMERATE_PROXY,Proxy 112,1,3,0,0,166
953,595.0330467342837,MISS_ENUMERATE_PROXY,Proxy 61,1,2,0,0,166
954,595.4274091138534,MISS_ENUMERATE_PROXY,Proxy 127,1,1,0,0,166
955,596.131044021049,ENUMERATE_PROXY,Proxy 138,3,0,0,0,167
956,596.5329707300605,MISS_ENUMERATE_PROXY,Proxy 154,0,1,0,0,167
957,597.6166611103054,ENUMERATE_PROXY,Proxy 180,2,0,0,0,168
958,600.0646181166385,MISS_ENUMERATE_PROXY,Proxy 87,1,1,0,0,168
959,604.6469130991164,ENUMERATE_PROXY,Proxy 192,2,0,0,0,169
960,605.5212318363681,MISS_ENUMERATE_PROXY,Proxy 123,0,1,0,0,169
961,606.0370923576337,ENUMERATE_PROXY,Proxy 95,4,0,0,0,170
962,618.8999292629958,MISS_ENUMERATE_PROXY,Proxy 72,1,1,0,0,170
963,619.3241360105407,MISS_ENUMERATE_PROXY,Proxy 31,0,2,0,0,170
964,620.293001825415,MISS_ENUMERATE_PROXY,Proxy 116,1,1,0,0,170
965,622.3958242886716,MISS_ENUMERATE_PROXY,Proxy 93,2,2,0,0,170
966,625.9141230338508,MISS_ENUMERATE_PROXY,Proxy 117,0,1,0,0,170
967,631.2937194992625,MISS_ENUMERATE_PROXY,Proxy 106,0,3,0,0,170
968,631.6720357903148,MISS_ENUMERATE_PROXY,Proxy 34,2,1,0,0,170
969,632.6588294957003,ENUMERATE_PROXY,Proxy 62,1,0,0,0,171
970,633.6069630521396,MISS_ENUMERATE_PROXY,Proxy 48,1,2,0,0,171
971,634.5087641254485,MISS_ENUMERATE_PROXY,Proxy 175,1,2,0,0,171
972,639.3589617790861,MISS_ENUMERATE_PROXY,Proxy 150,1,2,0,0,171
973,643.0757075704888,MISS_ENUMERATE_PROXY,Proxy 197,0,2,0,0,171
974,644.3580930622999,MISS_ENUMERATE_PROXY,Proxy 19,2,1,0,0,171
975,647.6999298026143,MISS_ENUMERATE_PROXY,Proxy 56,0,3,0,0,171
976,650.9869900419413,MISS_ENUMERATE_PROXY,Proxy 138,3,1,0,0,171
977,653.112539585294,MISS_ENUMERATE_PROXY,Proxy 151,2,2,0,0,171
978,654.7131970316203,MISS_ENUMERATE_PROXY,Proxy 17,0,1,0,0,171
979,655.1512532689221,MISS_ENUMERATE_PROXY,Proxy 98,1,3,0,0,171
980,657.6486456790861,MISS_ENUMERATE_PROXY,Proxy 71,1,1,0,0,171
981,658.0868592511359,MISS_ENUMERATE_PROXY,Proxy 21,1,2,0,0,171
982,659.7638176740305,MISS_ENUMERATE_PROXY,Proxy 52,0,4,0,0,171
983,659.8151297859134,MISS_ENUMERATE_PROXY,Proxy 83,1,3,0,0,171
984,660.9871067902938,MISS_ENUMERATE_PROXY,Proxy 87,1,2,0,0,171
985,662.3986978266788,MISS_ENUMERATE_PROXY,Proxy 135,1,1,0,0,171
986,662.4599141614261,MISS_ENUMERATE_PROXY,Proxy 135,1,2,0,0,171
987,665.1441598379206,ENUMERATE_PROXY,Proxy 66,2,0,0,0,172
988,667.2222711619422,MISS_ENUMERATE_PROXY,Proxy 55,0,3,0,0,172
989,670.1501533744442,MISS_ENUMERATE_PROXY,Proxy 0,0,2,0,0,172
990,672.8027271601686,MISS_ENUMERATE_PROXY,Proxy 107,0,3,0,0,172
991,674.0335902023495,MISS_ENUMERATE_PROXY,Proxy 182,1,1,0,0,172
992,681.3298455569673,ENUMERATE_PROXY,Proxy 39,2,0,0,0,173
993,681.6941645256799,MISS_ENUMERATE_PROXY,Proxy 177,2,2,0,0,173
994,682.4488173131506,MISS_ENUMERATE_PROXY,Proxy 13,2,2,0,0,173
995,682.7259165141093,MISS_ENUMERATE_PROXY,Proxy 63,2,2,0,0,173
996,683.6269077396029,MISS_ENUMERATE_PROXY,Proxy 142,2,2,0,0,173
997,688.2663341800103,ENUMERATE_PROXY,Proxy 23,1,0,0,0,174
998,696.4932959593364,MISS_ENUMERATE_PROXY,Proxy 192,2,1,0,0,174
999,697.089362749714,MISS_ENUMERATE_PROXY,Proxy 183,1,1,0,0,174
1000,697.2743220684723,ENUMERATE_PROXY,Proxy 118,2,0,0,0,175
1001,698.8888252011242,ENUMERATE_PROXY,Proxy 132,4,0,0,0,176
1002,698.974803687213,ENUMERATE_PROXY,Proxy 81,2,0,0,0,177
1003,701.0794935582762,MISS_ENUMERATE_PROXY,Proxy 139,2,1,0,0,177
1004,702.5227413346807,MISS_ENUMERATE_PROXY,Proxy 121,0,2,0,0,177
1005,702.8229419772649,MISS_ENUMERATE_PROXY,Proxy 141,1,2,0,0,177
1006,704.7676067966495,MISS_ENUMERATE_PROXY,Proxy 33,2,1,0,0,177
1007,706.1422405039276,MISS_ENUMERATE_PROXY,Proxy 76,3,1,0,0,177
1008,706.7665160048906,MISS_ENUMERATE_PROXY,Proxy 71,1,2,0,0,177
1009,712.1355154683387,MISS_ENUMERATE_PROXY,Proxy 192,2,2,0,0,177
1010,712.5576208487998,MISS_ENUMERATE_PROXY,Proxy 137,1,2,0,0,177
1011,714.1095781038733,MISS_ENUMERATE_PROXY,Proxy 92,2,2,0,0,177
1012,715.1313210310032,ENUMERATE_PROXY,Proxy 37,0,0,0,0,178
1013,716.8588770250526,MISS_ENUMERATE_PROXY,Proxy 168,2,2,0,0,178
1014,718.1002118588204,MISS_ENUMERATE_PROXY,Proxy 18,1,2,0,0,178
1015,719.49272733898,MISS_ENUMERATE_PROXY,Proxy 99,2,1,0,0,178
1016,720.1599855161311,MISS_ENUMERATE_PROXY,Proxy 22,3,1,0,0,178
1017,722.3174841443346,MISS_ENUMERATE_PROXY,Proxy 117,2,2,0,0,178
1018,723.8044404746038,MISS_ENUMERATE_PROXY,Proxy 188,2,2,0,0,178
1019,725.8947893248194,MISS_ENUMERATE_PROXY,Proxy 125,2,1,0,0,178
1020,726.3656854041635,MISS_ENUMERATE_PROXY,Proxy 51,2,1,0,0,178
1021,727.6294926481253,MISS_ENUMERATE_PROXY,Proxy 70,1,2,0,0,178
1022,730.9064349951421,MISS_ENUMERATE_PROXY,Proxy 66,2,1,0,0,178
1023,731.5109051267677,MISS_ENUMERATE_PROXY,Proxy 183,1,2,0,0,178
1024,734.3445504822766,MISS_ENUMERATE_PROXY,Proxy 54,2,2,0,0,178
1025,737.7709386388926,MISS_ENUMERATE_PROXY,Proxy 116,1,2,0,0,178
1026,739.7838247506052,MISS_ENUMERATE_PROXY,Proxy 199,1,2,0,0,178
1027,743.4405884926812,MISS_ENUMERATE_PROXY,Proxy 184,2,1,0,0,178
1028,743.9446548922548,MISS_ENUMERATE_PROXY,Proxy 146,1,2,0,0,178
1029,746.0153001313358,ENUMERATE_PROXY,Proxy 15,3,0,0,0,179
1030,747.5122114621662,MISS_ENUMERATE_PROXY,Proxy 61,1,3,0,0,179
1031,749.580458223552,MISS_ENUMERATE_PROXY,Proxy 118,2,1,0,0,179
1032,755.5799088945065,MISS_ENUMERATE_PROXY,Proxy 67,1,3,0,0,179
1033,756.2930778323808,MISS_ENUMERATE_PROXY,Proxy 94,0,3,0,0,179
1034,758.1058343786756,MISS_ENUMERATE_PROXY,Proxy 15,3,1,0,0,179
1035,761.2156601215295,MISS_ENUMERATE_PROXY,Proxy 11,2,2,0,0,179
1036,764.2988774548982,ENUMERATE_PROXY,Proxy 91,3,0,0,0,180
1037,766.3787247255596,MISS_ENUMERATE_PROXY,Proxy 0,0,3,0,0,180
1038,767.9880712166705,MISS_ENUMERATE_PROXY,Proxy 196,3,1,0,0,180
1039,773.4243624665379,MISS_ENUMERATE_PROXY,Proxy 7,2,1,0,0,180
1040,775.2200974812936,MISS_ENUMERATE_PROXY,Proxy 4,3,1,0,0,180
1041,775.2501225506494,MISS_ENUMERATE_PROXY,Proxy 196,3,2,0,0,180
1042,775.53371742444,MISS_ENUMERATE_PROXY,Proxy 189,2,2,0,0,180
1043,775.5823885701643,MISS_ENUMERATE_PROXY,Proxy 133,2,2,0,0,180
1044,776.3941535466738,MISS_ENUMERATE_PROXY,Proxy 144,2,2,0,0,180
1045,783.0966663772199,MISS_ENUMERATE_PROXY,Proxy 9,2,1,0,0,180
1046,784.0576581318273,MISS_ENUMERATE_PROXY,Proxy 85,2,2,0,0,180
1047,784.7855056704045,ENUMERATE_PROXY,Proxy 153,4,0,0,0,181
1048,784.9503475794754,MISS_ENUMERATE_PROXY,Proxy 37,2,1,0,0,181
1049,785.0368882594726,MISS_ENUMERATE_PROXY,Proxy 4,3,2,0,0,181
1050,785.090180350003,MISS_ENUMERATE_PROXY,Proxy 162,2,2,0,0,181
1051,786.1421719862819,MISS_ENUMERATE_PROXY,Proxy 147,2,1,0,0,181
1052,787.7445091080092,MISS_ENUMERATE_PROXY,Proxy 33,2,2,0,0,181
1053,791.0779740483474,MISS_ENUMERATE_PROXY,Proxy 107,0,4,0,0,181
1054,795.1930929974193,ENUMERATE_PROXY,Proxy 158,4,0,0,0,182
1055,795.3813495124078,MISS_ENUMERATE_PROXY,Proxy 47,1,3,0,0,182
1056,797.3412086905989,MISS_ENUMERATE_PROXY,Proxy 50,3,1,0,0,182
1057,799.6064353835364,MISS_ENUMERATE_PROXY,Proxy 5,2,2,0,0,182
1058,800.6151213945925,ENUMERATE_PROXY,Proxy 129,4,0,0,0,183
1059,801.8352775438659,MISS_ENUMERATE_PROXY,Proxy 136,3,1,0,0,183
1060,801.9475137456043,MISS_ENUMERATE_PROXY,Proxy 152,2,2,0,0,183
1061,803.0821308951888,MISS_ENUMERATE_PROXY,Proxy 131,2,1,0,0,183
1062,806.1530361232873,MISS_ENUMERATE_PROXY,Proxy 145,2,2,0,0,183
1063,806.683042669804,MISS_ENUMERATE_PROXY,Proxy 88,0,1,0,0,183
1064,808.1780558830536,MISS_ENUMERATE_PROXY,Proxy 197,1,3,0,0,183
1065,808.8944706072969,MISS_ENUMERATE_PROXY,Proxy 118,2,2,0,0,183
1066,811.2079093500824,MISS_ENUMERATE_PROXY,Proxy 27,3,2,0,0,183
1067,818.173046641039,MISS_ENUMERATE_PROXY,Proxy 3,1,2,0,0,183
1068,818.5936429277118,MISS_ENUMERATE_PROXY,Proxy 11,2,3,0,0,183
1069,818.9362797450544,MISS_ENUMERATE_PROXY,Proxy 110,3,2,0,0,183
1070,820.1594414520208,MISS_ENUMERATE_PROXY,Proxy 91,3,1,0,0,183
1071,820.2961977599144,MISS_ENUMERATE_PROXY,Proxy 29,2,2,0,0,183
1072,821.4499288244774,MISS_ENUMERATE_PROXY,Proxy 2,1,3,0,0,183
1073,823.204408026597,ENUMERATE_PROXY,Proxy 80,3,0,0,0,184
1074,824.525327636281,MISS_ENUMERATE_PROXY,Proxy 148,2,1,0,0,184
1075,825.2753618558714,MISS_ENUMERATE_PROXY,Proxy 184,2,2,0,0,184
1076,827.98837260778,MISS_ENUMERATE_PROXY,Proxy 93,2,3,0,0,184
1077,830.0970531151409,MISS_ENUMERATE_PROXY,Proxy 183,1,3,0,0,184
1078,830.7088266034847,MISS_ENUMERATE_PROXY,Proxy 197,1,4,0,0,184
1079,831.3240992866289,MISS_ENUMERATE_PROXY,Proxy 56,0,4,0,0,184
1080,834.6440388839228,MISS_ENUMERATE_PROXY,Proxy 153,4,1,0,0,184
1081,841.0256015355469,MISS_ENUMERATE_PROXY,Proxy 172,1,3,0,0,184
1082,842.7827412752084,MISS_ENUMERATE_PROXY,Proxy 70,2,3,0,0,184
1083,843.8298467885534,MISS_ENUMERATE_PROXY,Proxy 159,1,3,0,0,184
1084,844.5187416014801,MISS_ENUMERATE_PROXY,Proxy 187,1,3,0,0,184
1085,845.8811719045217,MISS_ENUMERATE_PROXY,Proxy 165,2,1,0,0,184
1086,850.6642535546009,MISS_ENUMERATE_PROXY,Proxy 8,1,3,0,0,184
1087,850.7542073051454,MISS_ENUMERATE_PROXY,Proxy 36,4,1,0,0,184
1088,854.0896949412306,MISS_ENUMERATE_PROXY,Proxy 16,2,2,0,0,184
1089,855.8367981823507,MISS_ENUMERATE_PROXY,Proxy 174,2,2,0,0,184
1090,856.3535107596044,MISS_ENUMERATE_PROXY,Proxy 124,0,4,0,0,184
1091,859.8223899985403,MISS_ENUMERATE_PROXY,Proxy 143,3,1,0,0,184
1092,873.9602719805662,MISS_ENUMERATE_PROXY,Proxy 137,1,3,0,0,184
1093,876.2833190152367,MISS_ENUMERATE_PROXY,Proxy 35,2,3,0,0,184
1094,876.3551623680592,MISS_ENUMERATE_PROXY,Proxy 52,0,5,0,0,184
1095,876.6398598477301,MISS_ENUMERATE_PROXY,Proxy 198,1,3,0,0,184
1096,879.2253139885307,MISS_ENUMERATE_PROXY,Proxy 95,4,1,0,0,184
1097,879.4890819948383,MISS_ENUMERATE_PROXY,Proxy 16,2,3,0,0,184
1098,888.8146669549429,MISS_ENUMERATE_PROXY,Proxy 116,2,3,0,0,184
1099,888.8304472077991,MISS_ENUMERATE_PROXY,Proxy 138,3,2,0,0,184
1100,890.423023609327,MISS_ENUMERATE_PROXY,Proxy 168,2,3,0,0,184
1101,890.6420817415502,MISS_ENUMERATE_PROXY,Proxy 166,1,2,0,0,184
1102,890.7418083750963,MISS_ENUMERATE_PROXY,Proxy 0,0,4,0,0,184
1103,891.1607961204935,MISS_ENUMERATE_PROXY,Proxy 186,3,2,0,0,184
1104,893.0607307651576,ENUMERATE_PROXY,Proxy 74,4,0,0,0,185
1105,893.0979834165418,MISS_ENUMERATE_PROXY,Proxy 135,1,3,0,0,185
1106,897.5530961747177,MISS_ENUMERATE_PROXY,Proxy 112,1,4,0,0,185
1107,899.5741805797863,MISS_ENUMERATE_PROXY,Proxy 129,5,1,0,0,185
1108,903.3002069762562,MISS_ENUMERATE_PROXY,Proxy 65,1,2,0,0,185
1109,905.818921234367,MISS_ENUMERATE_PROXY,Proxy 21,1,3,0,0,185
1110,906.1951376318856,MISS_ENUMERATE_PROXY,Proxy 185,1,3,0,0,185
1111,906.7444068693245,MISS_ENUMERATE_PROXY,Proxy 174,2,3,0,0,185
1112,908.5238494639218,ENUMERATE_PROXY,Proxy 119,2,0,0,0,186
1113,909.2696647816075,ENUMERATE_PROXY,Proxy 75,5,0,0,0,187
1114,909.8835129842065,MISS_ENUMERATE_PROXY,Proxy 107,0,5,0,0,187
1115,910.3777093922777,MISS_ENUMERATE_PROXY,Proxy 47,1,4,0,0,187
1116,910.8287747618103,MISS_ENUMERATE_PROXY,Proxy 10,3,1,0,0,187
1117,913.9762222124615,ENUMERATE_PROXY,Proxy 41,3,0,0,0,188
1118,916.324921926023,MISS_ENUMERATE_PROXY,Proxy 79,1,1,0,0,188
1119,917.1607061770601,MISS_ENUMERATE_PROXY,Proxy 172,1,4,0,0,188
1120,917.1933467118037,MISS_ENUMERATE_PROXY,Proxy 18,3,3,0,0,188
1121,922.1812875073878,MISS_ENUMERATE_PROXY,Proxy 103,2,2,0,0,188
1122,923.8291633151313,MISS_ENUMERATE_PROXY,Proxy 23,2,1,0,0,188
1123,924.0061407379687,MISS_ENUMERATE_PROXY,Proxy 99,3,2,0,0,188
1124,924.0280319534495,MISS_ENUMERATE_PROXY,Proxy 25,4,1,0,0,188
1125,924.4849871797744,ENUMERATE_PROXY,Proxy 96,3,0,0,0,189
1126,926.7812038830864,MISS_ENUMERATE_PROXY,Proxy 163,2,1,0,0,189
1127,926.7911683608812,MISS_ENUMERATE_PROXY,Proxy 148,3,2,0,0,189
1128,926.8509094341288,ENUMERATE_PROXY,Proxy 101,4,0,0,0,190
1129,927.7033983969258,MISS_ENUMERATE_PROXY,Proxy 46,3,1,0,0,190
1130,934.9072831253213,MISS_ENUMERATE_PROXY,Proxy 131,3,2,0,0,190
1131,940.6655666555251,MISS_ENUMERATE_PROXY,Proxy 15,3,2,0,0,190
1132,941.4114937034476,ENUMERATE_PROXY,Proxy 82,4,0,0,0,191
1133,941.50967218802,MISS_ENUMERATE_PROXY,Proxy 73,4,1,0,0,191
1134,941.622764589922,MISS_ENUMERATE_PROXY,Proxy 31,0,3,0,0,191
1135,946.465202998024,MISS_ENUMERATE_PROXY,Proxy 81,4,1,0,0,191
1136,946.73600536407,MISS_ENUMERATE_PROXY,Proxy 165,2,2,0,0,191
1137,946.9214933846947,ENUMERATE_PROXY,Proxy 59,4,0,0,0,192
1138,948.1930217361547,MISS_ENUMERATE_PROXY,Proxy 94,0,4,0,0,192
1139,949.0712775688357,ENUMERATE_PROXY,Proxy 69,4,0,0,0,193
1140,951.0737126361906,MISS_ENUMERATE_PROXY,Proxy 65,1,3,0,0,193
1141,954.3862078989196,MISS_ENUMERATE_PROXY,Proxy 86,1,2,0,0,193
1142,956.2126608886895,MISS_ENUMERATE_PROXY,Proxy 39,4,1,0,0,193
1143,957.563251487305,MISS_ENUMERATE_PROXY,Proxy 131,3,3,0,0,193
1144,960.6813052616494,MISS_ENUMERATE_PROXY,Proxy 20,1,4,0,0,193
1145,967.6219108183385,MISS_ENUMERATE_PROXY,Proxy 146,1,3,0,0,193
1146,970.9842484618188,MISS_ENUMERATE_PROXY,Proxy 36,4,2,0,0,193
1147,982.6831754749583,MISS_ENUMERATE_PROXY,Proxy 137,2,4,0,0,193
1148,984.028201539167,MISS_ENUMERATE_PROXY,Proxy 165,2,3,0,0,193
1149,984.7774753232136,MISS_ENUMERATE_PROXY,Proxy 102,2,3,0,0,193
1150,985.4382430931119,MISS_ENUMERATE_PROXY,Proxy 29,2,3,0,0,193
1151,987.2888032457643,MISS_ENUMERATE_PROXY,Proxy 155,2,3,0,0,193
1152,990.7020733169819,MISS_ENUMERATE_PROXY,Proxy 169,3,1,0,0,193
1153,995.813834854502,MISS_ENUMERATE_PROXY,Proxy 134,1,2,0,0,193
1154,996.742236780629,MISS_ENUMERATE_PROXY,Proxy 69,4,1,0,0,193
1155,998.4140082038668,MISS_ENUMERATE_PROXY,Proxy 125,2,2,0,0,193
1156,1000.1281567214103,MISS_ENUMERATE_PROXY,Proxy 45,2,3,0,0,193
1157,1001.2691001539771,MISS_ENUMERATE_PROXY,Proxy 98,1,4,0,0,193
1158,1001.4283175228859,MISS_ENUMERATE_PROXY,Proxy 17,1,2,0,0,193
1159,1003.6645828261403,MISS_ENUMERATE_PROXY,Proxy 135,1,4,0,0,193
1160,1004.1561552136451,MISS_ENUMERATE_PROXY,Proxy 163,2,2,0,0,193
1161,1004.3927528337742,MISS_ENUMERATE_PROXY,Proxy 19,2,2,0,0,193
1162,1005.6820710117463,MISS_ENUMERATE_PROXY,Proxy 23,2,2,0,0,193
1163,1009.4253904228116,MISS_ENUMERATE_PROXY,Proxy 96,3,1,0,0,193
1164,1010.3814648134468,MISS_ENUMERATE_PROXY,Proxy 186,3,3,0,0,193
1165,1011.8838613260618,MISS_ENUMERATE_PROXY,Proxy 126,3,1,0,0,193
1166,1012.9693988134851,MISS_ENUMERATE_PROXY,Proxy 0,0,5,0,0,193
1167,1014.5722252546261,MISS_ENUMERATE_PROXY,Proxy 172,1,5,0,0,193
1168,1014.7152742237532,MISS_ENUMERATE_PROXY,Proxy 7,3,2,0,0,193
1169,1017.4907573291941,MISS_ENUMERATE_PROXY,Proxy 64,2,3,0,0,193
1170,1018.083642397506,MISS_ENUMERATE_PROXY,Proxy 58,1,4,0,0,193
1171,1022.3392385797665,MISS_ENUMERATE_PROXY,Proxy 125,2,3,0,0,193
1172,1023.1212454800728,MISS_ENUMERATE_PROXY,Proxy 127,2,2,0,0,193
1173,1023.3706648803845,MISS_ENUMERATE_PROXY,Proxy 62,4,1,0,0,193
1174,1024.4460888607325,MISS_ENUMERATE_PROXY,Proxy 76,4,2,0,0,193
1175,1029.1952808586714,MISS_ENUMERATE_PROXY,Proxy 106,1,4,0,0,193
1176,1031.3013447609312,MISS_ENUMERATE_PROXY,Proxy 65,1,4,0,0,193
1177,1032.0499851248553,MISS_ENUMERATE_PROXY,Proxy 34,3,2,0,0,193
1178,1034.2258719012366,MISS_ENUMERATE_PROXY,Proxy 72,3,2,0,0,193
1179,1037.7401660469914,MISS_ENUMERATE_PROXY,Proxy 160,3,1,0,0,193
1180,1037.9978180616154,MISS_ENUMERATE_PROXY,Proxy 112,1,5,0,0,193
1181,1039.3159336586589,MISS_ENUMERATE_PROXY,Proxy 179,3,1,0,0,193
1182,1039.7783534215896,MISS_ENUMERATE_PROXY,Proxy 56,0,5,0,0,193
1183,1039.836531466888,MISS_ENUMERATE_PROXY,Proxy 107,0,6,0,0,193
1184,1040.2072888173032,MISS_ENUMERATE_PROXY,Proxy 37,4,2,0,0,193
1185,1040.6428163932342,MISS_ENUMERATE_PROXY,Proxy 133,2,3,0,0,193
1186,1041.2301380832719,MISS_ENUMERATE_PROXY,Proxy 139,3,2,0,0,193
1187,1041.4682228764304,MISS_ENUMERATE_PROXY,Proxy 2,1,4,0,0,193
1188,1042.256605369084,MISS_ENUMERATE_PROXY,Proxy 52,0,6,0,0,193
1189,1050.0077397015534,MISS_ENUMERATE_PROXY,Proxy 133,2,4,0,0,193
1190,1051.0513287405406,MISS_ENUMERATE_PROXY,Proxy 188,2,3,0,0,193
1191,1057.5854829561342,MISS_ENUMERATE_PROXY,Proxy 33,3,3,0,0,193
1192,1057.9480966924937,MISS_ENUMERATE_PROXY,Proxy 141,2,3,0,0,193
1193,1059.0937821671798,MISS_ENUMERATE_PROXY,Proxy 86,1,3,0,0,193
1194,1060.5036984739208,MISS_ENUMERATE_PROXY,Proxy 85,2,3,0,0,193
1195,1063.5212435940982,MISS_ENUMERATE_PROXY,Proxy 38,3,1,0,0,193
1196,1064.6953804762122,MISS_ENUMERATE_PROXY,Proxy 142,2,3,0,0,193
1197,1065.0762763989771,MISS_ENUMERATE_PROXY,Proxy 145,2,3,0,0,193
1198,1066.004402159814,MISS_ENUMERATE_PROXY,Proxy 89,2,3,0,0,193
1199,1066.0979592005212,MISS_ENUMERATE_PROXY,Proxy 51,3,2,0,0,193
1200,1067.42768655537,MISS_ENUMERATE_PROXY,Proxy 102,2,4,0,0,193
1201,1067.4446866556912,MISS_ENUMERATE_PROXY,Proxy 175,2,3,0,0,193
1202,1073.4782981726646,MISS_ENUMERATE_PROXY,Proxy 156,2,4,0,0,193
1203,1073.8098145272822,MISS_ENUMERATE_PROXY,Proxy 1,2,2,0,0,193
1204,1075.2394091703848,ENUMERATE_PROXY,Proxy 167,4,0,0,0,194
1205,1076.7105287640054,MISS_ENUMERATE_PROXY,Proxy 108,3,2,0,0,194
1206,1078.876483366181,MISS_ENUMERATE_PROXY,Proxy 27,3,3,0,0,194
1207,1079.8602908354244,MISS_ENUMERATE_PROXY,Proxy 49,3,2,0,0,194
1208,1081.4339646092526,MISS_ENUMERATE_PROXY,Proxy 45,2,4,0,0,194
1209,1087.8060515478326,MISS_ENUMERATE_PROXY,Proxy 3,1,3,0,0,194
1210,1089.0220108908316,MISS_ENUMERATE_PROXY,Proxy 174,2,4,0,0,194
1211,1089.8107934082354,MISS_ENUMERATE_PROXY,Proxy 119,3,1,0,0,194
1212,1090.2731340300618,MISS_ENUMERATE_PROXY,Proxy 10,3,2,0,0,194
1213,1092.1771351667,MISS_ENUMERATE_PROXY,Proxy 130,4,1,0,0,194
1214,1097.038467167285,MISS_ENUMERATE_PROXY,Proxy 87,2,3,0,0,194
1215,1099.9487727628964,MISS_ENUMERATE_PROXY,Proxy 176,1,3,0,0,194
1216,1099.9638371008969,MISS_ENUMERATE_PROXY,Proxy 159,2,4,0,0,194
1217,1101.1592957435946,MISS_ENUMERATE_PROXY,Proxy 10,3,3,0,0,194
1218,1102.4806952993256,MISS_ENUMERATE_PROXY,Proxy 114,2,3,0,0,194
1219,1106.3092172860738,ENUMERATE_PROXY,Proxy 171,3,0,0,0,195
1220,1106.5703605290382,MISS_ENUMERATE_PROXY,Proxy 11,2,4,0,0,195
1221,1108.7285692473602,MISS_ENUMERATE_PROXY,Proxy 57,4,1,0,0,195
1222,1112.9055193075083,MISS_ENUMERATE_PROXY,Proxy 123,3,2,0,0,195
1223,1114.3257035509541,MISS_ENUMERATE_PROXY,Proxy 48,3,3,0,0,195
1224,1117.9076457584258,MISS_ENUMERATE_PROXY,Proxy 56,0,6,0,0,195
1225,1119.601891149321,ENUMERATE_PROXY,Proxy 12,4,0,0,0,196
1226,1120.562434817686,MISS_ENUMERATE_PROXY,Proxy 40,2,2,0,0,196
1227,1122.1953238268495,MISS_ENUMERATE_PROXY,Proxy 181,3,1,0,0,196
1228,1124.0967476243352,MISS_ENUMERATE_PROXY,Proxy 53,3,1,0,0,196
1229,1124.7291159610957,MISS_ENUMERATE_PROXY,Proxy 24,2,3,0,0,196
1230,1127.0711095806464,MISS_ENUMERATE_PROXY,Proxy 50,4,2,0,0,196
1231,1127.5385894462702,MISS_ENUMERATE_PROXY,Proxy 166,2,3,0,0,196
1232,1127.6692118108576,MISS_ENUMERATE_PROXY,Proxy 72,3,3,0,0,196
1233,1127.9665951656866,MISS_ENUMERATE_PROXY,Proxy 140,4,1,0,0,196
1234,1129.6521933906563,MISS_ENUMERATE_PROXY,Proxy 96,3,2,0,0,196
1235,1130.3759783647674,MISS_ENUMERATE_PROXY,Proxy 28,1,3,0,0,196
1236,1131.0857647444327,MISS_ENUMERATE_PROXY,Proxy 9,5,2,0,0,196
1237,1131.664327581727,MISS_ENUMERATE_PROXY,Proxy 189,2,3,0,0,196
1238,1132.1073181262136,MISS_ENUMERATE_PROXY,Proxy 25,4,2,0,0,196
1239,1132.7919456399686,MISS_ENUMERATE_PROXY,Proxy 26,4,2,0,0,196
1240,1133.4357702773113,MISS_ENUMERATE_PROXY,Proxy 188,2,4,0,0,196
1241,1140.3865365577685,MISS_ENUMERATE_PROXY,Proxy 181,3,2,0,0,196
1242,1141.5562724750985,MISS_ENUMERATE_PROXY,Proxy 61,2,4,0,0,196
1243,1144.6116076082367,MISS_ENUMERATE_PROXY,Proxy 151,3,3,0,0,196
1244,1147.8594302286685,MISS_ENUMERATE_PROXY,Proxy 173,3,1,0,0,196
1245,1149.562048826721,MISS_ENUMERATE_PROXY,Proxy 100,3,1,0,0,196
1246,1150.6346071315616,MISS_ENUMERATE_PROXY,Proxy 120,5,1,0,0,196
1247,1152.0719036346704,MISS_ENUMERATE_PROXY,Proxy 17,1,3,0,0,196
1248,1160.9246617991116,MISS_ENUMERATE_PROXY,Proxy 123,4,3,0,0,196
1249,1166.7764473034308,MISS_ENUMERATE_PROXY,Proxy 88,1,2,0,0,196
1250,1169.580611196551,MISS_ENUMERATE_PROXY,Proxy 93,3,4,0,0,196
1251,1169.7607283387943,MISS_ENUMERATE_PROXY,Proxy 137,2,5,0,0,196
1252,1171.8806209659692,MISS_ENUMERATE_PROXY,Proxy 188,2,5,0,0,196
1253,1180.228859282544,MISS_ENUMERATE_PROXY,Proxy 150,2,3,0,0,196
1254,1180.561908693712,MISS_ENUMERATE_PROXY,Proxy 73,5,2,0,0,196
1255,1180.8557493439305,MISS_ENUMERATE_PROXY,Proxy 13,2,3,0,0,196
1256,1183.4182954161997,MISS_ENUMERATE_PROXY,Proxy 199,1,3,0,0,196
1257,1185.0723687975183,MISS_ENUMERATE_PROXY,Proxy 99,3,3,0,0,196
1258,1188.1365976255336,MISS_ENUMERATE_PROXY,Proxy 116,2,4,0,0,196
1259,1189.7337237938243,MISS_ENUMERATE_PROXY,Proxy 150,2,4,0,0,196
1260,1191.5268938392705,MISS_ENUMERATE_PROXY,Proxy 40,2,3,0,0,196
1261,1193.0817664268125,MISS_ENUMERATE_PROXY,Proxy 68,0,4,0,0,196
1262,1193.4994163110357,MISS_ENUMERATE_PROXY,Proxy 5,2,3,0,0,196
1263,1193.575104442528,MISS_ENUMERATE_PROXY,Proxy 181,3,3,0,0,196
1264,1200.9449337223982,MISS_ENUMERATE_PROXY,Proxy 106,1,5,0,0,196
1265,1201.5717365771222,MISS_ENUMERATE_PROXY,Proxy 119,3,2,0,0,196
1266,1203.4055490082353,MISS_ENUMERATE_PROXY,Proxy 55,1,4,0,0,196
1267,1204.2565411993717,MISS_ENUMERATE_PROXY,Proxy 12,4,1,0,0,196
1268,1206.8419146686574,MISS_ENUMERATE_PROXY,Proxy 194,5,1,0,0,196
1269,1208.7335472786049,MISS_ENUMERATE_PROXY,Proxy 139,3,3,0,0,196
1270,1209.2672504379614,MISS_ENUMERATE_PROXY,Proxy 177,4,3,0,0,196
1271,1209.4247115166456,MISS_ENUMERATE_PROXY,Proxy 87,2,4,0,0,196
1272,1211.8175571614104,MISS_ENUMERATE_PROXY,Proxy 91,4,2,0,0,196
1273,1215.692608159357,MISS_ENUMERATE_PROXY,Proxy 26,4,3,0,0,196
1274,1215.8500429341857,MISS_ENUMERATE_PROXY,Proxy 83,3,4,0,0,196
1275,1216.6854375591038,MISS_ENUMERATE_PROXY,Proxy 23,2,3,0,0,196
1276,1220.746017064622,MISS_ENUMERATE_PROXY,Proxy 38,3,2,0,0,196
1277,1221.0210063100503,MISS_ENUMERATE_PROXY,Proxy 119,3,3,0,0,196
1278,1222.5202636765098,MISS_ENUMERATE_PROXY,Proxy 80,4,1,0,0,196
1279,1222.7791995670607,MISS_ENUMERATE_PROXY,Proxy 181,3,4,0,0,196
1280,1223.044753662005,MISS_ENUMERATE_PROXY,Proxy 134,3,3,0,0,196
1281,1223.629769410204,MISS_ENUMERATE_PROXY,Proxy 81,4,2,0,0,196
1282,1223.979221722991,MISS_ENUMERATE_PROXY,Proxy 63,2,3,0,0,196
1283,1224.1226775486184,MISS_ENUMERATE_PROXY,Proxy 195,3,3,0,0,196
1284,1227.921785025055,MISS_ENUMERATE_PROXY,Proxy 90,5,1,0,0,196
1285,1228.2541125405983,MISS_ENUMERATE_PROXY,Proxy 39,4,2,0,0,196
1286,1228.9161871570386,MISS_ENUMERATE_PROXY,Proxy 121,2,3,0,0,196
1287,1230.1533749044117,MISS_ENUMERATE_PROXY,Proxy 179,4,2,0,0,196
1288,1233.5211046357042,MISS_ENUMERATE_PROXY,Proxy 75,5,1,0,0,196
1289,1234.6323298482998,MISS_ENUMERATE_PROXY,Proxy 17,1,4,0,0,196
1290,1235.1098257883402,MISS_ENUMERATE_PROXY,Proxy 71,1,3,0,0,196
1291,1236.5133323145824,MISS_ENUMERATE_PROXY,Proxy 107,0,7,0,0,196
1292,1237.4603141728485,MISS_ENUMERATE_PROXY,Proxy 179,4,3,0,0,196
1293,1237.9919683698383,MISS_ENUMERATE_PROXY,Proxy 23,2,4,0,0,196
1294,1239.0013236657248,MISS_ENUMERATE_PROXY,Proxy 58,1,5,0,0,196
1295,1241.025905383187,MISS_ENUMERATE_PROXY,Proxy 67,2,4,0,0,196
1296,1241.5893726337456,MISS_ENUMERATE_PROXY,Proxy 157,4,2,0,0,196
1297,1242.0765795784457,MISS_ENUMERATE_PROXY,Proxy 0,0,6,0,0,196
1298,1242.3507080758993,MISS_ENUMERATE_PROXY,Proxy 24,2,4,0,0,196
1299,1246.0982495572591,MISS_ENUMERATE_PROXY,Proxy 94,1,5,0,0,196
1300,1249.016291918633,MISS_ENUMERATE_PROXY,Proxy 191,5,1,0,0,196
1301,1249.1118309014291,MISS_ENUMERATE_PROXY,Proxy 103,4,3,0,0,196
1302,1254.6693138171443,MISS_ENUMERATE_PROXY,Proxy 29,3,4,0,0,196
1303,1255.622986407976,MISS_ENUMERATE_PROXY,Proxy 189,2,4,0,0,196
1304,1262.41462685972,MISS_ENUMERATE_PROXY,Proxy 78,4,1,0,0,196
1305,1265.4527999005988,MISS_ENUMERATE_PROXY,Proxy 71,1,4,0,0,196
1306,1266.2611940651134,MISS_ENUMERATE_PROXY,Proxy 85,2,4,0,0,196
1307,1266.8543603856294,MISS_ENUMERATE_PROXY,Proxy 32,3,2,0,0,196
1308,1267.1867111491608,MISS_ENUMERATE_PROXY,Proxy 150,2,5,0,0,196
1309,1267.7622893591242,MISS_ENUMERATE_PROXY,Proxy 72,3,4,0,0,196
1310,1269.0069747861692,MISS_ENUMERATE_PROXY,Proxy 155,2,4,0,0,196
1311,1269.707031482649,MISS_ENUMERATE_PROXY,Proxy 16,2,4,0,0,196
1312,1270.7557759339886,MISS_ENUMERATE_PROXY,Proxy 77,1,2,0,0,196
1313,1272.9063252015587,MISS_ENUMERATE_PROXY,Proxy 80,4,2,0,0,196
1314,1273.9019025235689,MISS_ENUMERATE_PROXY,Proxy 185,2,4,0,0,196
1315,1275.4320070751407,MISS_ENUMERATE_PROXY,Proxy 97,6,1,0,0,196
1316,1276.8398860059076,MISS_ENUMERATE_PROXY,Proxy 65,2,5,0,0,196
1317,1279.4329691409976,MISS_ENUMERATE_PROXY,Proxy 187,1,4,0,0,196
1318,1284.4874125869235,MISS_ENUMERATE_PROXY,Proxy 30,3,2,0,0,196
1319,1285.0562954658285,MISS_ENUMERATE_PROXY,Proxy 77,1,3,0,0,196
1320,1286.1435395488825,MISS_ENUMERATE_PROXY,Proxy 63,2,4,0,0,196
1321,1286.7879298223022,MISS_ENUMERATE_PROXY,Proxy 113,3,3,0,0,196
1322,1287.0499873268188,MISS_ENUMERATE_PROXY,Proxy 114,2,4,0,0,196
1323,1287.5445500848125,MISS_ENUMERATE_PROXY,Proxy 55,1,5,0,0,196
1324,1291.8490174769886,MISS_ENUMERATE_PROXY,Proxy 51,3,3,0,0,196
1325,1292.8472378062352,MISS_ENUMERATE_PROXY,Proxy 138,3,3,0,0,196
1326,1299.3839896811328,MISS_ENUMERATE_PROXY,Proxy 2,1,5,0,0,196
1327,1301.3521340181253,MISS_ENUMERATE_PROXY,Proxy 184,4,3,0,0,196
1328,1307.888545388022,MISS_ENUMERATE_PROXY,Proxy 128,6,1,0,0,196
1329,1311.4133105964524,MISS_ENUMERATE_PROXY,Proxy 77,1,4,0,0,196
1330,1314.3305053851113,MISS_ENUMERATE_PROXY,Proxy 56,0,7,0,0,196
1331,1315.3112004105512,MISS_ENUMERATE_PROXY,Proxy 147,4,2,0,0,196
1332,1315.8221805768385,MISS_ENUMERATE_PROXY,Proxy 54,4,3,0,0,196
1333,1323.882375907869,MISS_ENUMERATE_PROXY,Proxy 42,6,1,0,0,196
1334,1328.7874808881395,MISS_ENUMERATE_PROXY,Proxy 68,1,5,0,0,196
1335,1329.393405896304,MISS_ENUMERATE_PROXY,Proxy 143,4,2,0,0,196
1336,1329.7401270642174,MISS_ENUMERATE_PROXY,Proxy 65,2,6,0,0,196
1337,1332.6722832559453,MISS_ENUMERATE_PROXY,Proxy 66,2,2,0,0,196
1338,1333.4342975462034,MISS_ENUMERATE_PROXY,Proxy 117,3,3,0,0,196
1339,1336.975736621901,MISS_ENUMERATE_PROXY,Proxy 166,4,4,0,0,196
1340,1339.1061431805858,MISS_ENUMERATE_PROXY,Proxy 91,4,3,0,0,196
1341,1341.6802531117448,MISS_ENUMERATE_PROXY,Proxy 79,3,2,0,0,196
1342,1341.8050168843674,MISS_ENUMERATE_PROXY,Proxy 132,6,1,0,0,196
1343,1344.3920717538435,MISS_ENUMERATE_PROXY,Proxy 15,4,3,0,0,196
1344,1345.0229974943938,MISS_ENUMERATE_PROXY,Proxy 129,6,2,0,0,196
1345,1346.5292704592214,MISS_ENUMERATE_PROXY,Proxy 140,4,2,0,0,196
1346,1346.6445255260169,MISS_ENUMERATE_PROXY,Proxy 142,3,4,0,0,196
1347,1348.5352017881487,MISS_ENUMERATE_PROXY,Proxy 139,3,4,0,0,196
1348,1351.3916913115486,MISS_ENUMERATE_PROXY,Proxy 33,3,4,0,0,196
1349,1351.539348839454,MISS_ENUMERATE_PROXY,Proxy 154,5,2,0,0,196
1350,1355.3967475389027,MISS_ENUMERATE_PROXY,Proxy 52,0,7,0,0,196
1351,1355.493258741041,MISS_ENUMERATE_PROXY,Proxy 1,3,3,0,0,196
1352,1360.02445641645,MISS_ENUMERATE_PROXY,Proxy 66,3,3,0,0,196
1353,1361.964564458954,MISS_ENUMERATE_PROXY,Proxy 111,3,2,0,0,196
1354,1366.9839882223787,MISS_ENUMERATE_PROXY,Proxy 86,3,4,0,0,196
1355,1368.643886660887,MISS_ENUMERATE_PROXY,Proxy 110,4,3,0,0,196
1356,1371.7721219564735,MISS_ENUMERATE_PROXY,Proxy 92,3,3,0,0,196
1357,1373.2065349052964,ENUMERATE_PROXY,Proxy 149,4,0,0,0,197
1358,1374.0178785592482,MISS_ENUMERATE_PROXY,Proxy 4,4,3,0,0,197
1359,1375.7249002584638,MISS_ENUMERATE_PROXY,Proxy 0,1,7,0,0,197
1360,1377.7577924042764,MISS_ENUMERATE_PROXY,Proxy 184,4,4,0,0,197
1361,1379.9655509998759,MISS_ENUMERATE_PROXY,Proxy 79,3,3,0,0,197
1362,1381.3820852098256,MISS_ENUMERATE_PROXY,Proxy 49,3,3,0,0,197
1363,1382.2534429275572,MISS_ENUMERATE_PROXY,Proxy 143,4,3,0,0,197
1364,1382.6933088827625,MISS_ENUMERATE_PROXY,Proxy 21,2,4,0,0,197
1365,1384.683562454355,MISS_ENUMERATE_PROXY,Proxy 74,4,1,0,0,197
1366,1385.8358230569777,MISS_ENUMERATE_PROXY,Proxy 38,3,3,0,0,197
1367,1386.1206716451632,MISS_ENUMERATE_PROXY,Proxy 80,4,3,0,0,197
1368,1386.5364483681637,MISS_ENUMERATE_PROXY,Proxy 32,4,3,0,0,197
1369,1387.2840974545095,MISS_ENUMERATE_PROXY,Proxy 141,3,4,0,0,197
1370,1396.1455951121209,MISS_ENUMERATE_PROXY,Proxy 62,4,2,0,0,197
1371,1402.0505602427165,MISS_ENUMERATE_PROXY,Proxy 187,2,5,0,0,197
1372,1403.9002217350073,MISS_ENUMERATE_PROXY,Proxy 121,2,4,0,0,197
1373,1404.433963431019,MISS_ENUMERATE_PROXY,Proxy 19,2,3,0,0,197
1374,1405.5193157024023,MISS_ENUMERATE_PROXY,Proxy 89,2,4,0,0,197
1375,1407.4063859786493,MISS_ENUMERATE_PROXY,Proxy 77,2,5,0,0,197
1376,1409.4818272725145,MISS_ENUMERATE_PROXY,Proxy 51,3,4,0,0,197
1377,1409.9378665328097,MISS_ENUMERATE_PROXY,Proxy 74,4,2,0,0,197
1378,1412.876762840588,MISS_ENUMERATE_PROXY,Proxy 116,3,5,0,0,197
1379,1414.6871804847747,MISS_ENUMERATE_PROXY,Proxy 130,5,2,0,0,197
1380,1414.8819955697454,MISS_ENUMERATE_PROXY,Proxy 98,1,5,0,0,197
1381,1420.1121680763044,MISS_ENUMERATE_PROXY,Proxy 148,3,3,0,0,197
1382,1423.6352647970712,MISS_ENUMERATE_PROXY,Proxy 173,3,2,0,0,197
1383,1425.9632113115292,MISS_ENUMERATE_PROXY,Proxy 43,2,3,0,0,197
1384,1426.58506203835,MISS_ENUMERATE_PROXY,Proxy 196,3,3,0,0,197
1385,1427.6632655932578,MISS_ENUMERATE_PROXY,Proxy 24,2,5,0,0,197
1386,1431.471958422057,MISS_ENUMERATE_PROXY,Proxy 92,4,4,0,0,197
1387,1433.2106913044113,MISS_ENUMERATE_PROXY,Proxy 28,1,4,0,0,197
1388,1433.9047623795939,MISS_ENUMERATE_PROXY,Proxy 31,2,4,0,0,197
1389,1434.5473459468756,MISS_ENUMERATE_PROXY,Proxy 57,5,2,0,0,197
1390,1435.1870185355756,MISS_ENUMERATE_PROXY,Proxy 176,3,4,0,0,197
1391,1436.777281642423,MISS_ENUMERATE_PROXY,Proxy 13,2,4,0,0,197
1392,1437.1107642756633,MISS_ENUMERATE_PROXY,Proxy 67,2,5,0,0,197
1393,1437.796245913588,MISS_ENUMERATE_PROXY,Proxy 31,2,5,0,0,197
1394,1443.8019762074262,MISS_ENUMERATE_PROXY,Proxy 85,3,5,0,0,197
1395,1446.942900655346,MISS_ENUMERATE_PROXY,Proxy 20,2,5,0,0,197
1396,1449.1747720354858,MISS_ENUMERATE_PROXY,Proxy 56,0,8,0,0,197
1397,1450.2198147191032,MISS_ENUMERATE_PROXY,Proxy 115,5,1,0,0,197
1398,1452.6244507411348,MISS_ENUMERATE_PROXY,Proxy 81,4,3,0,0,197
1399,1453.2573331016022,MISS_ENUMERATE_PROXY,Proxy 46,5,2,0,0,197
1400,1456.020154722691,MISS_ENUMERATE_PROXY,Proxy 104,3,3,0,0,197
1401,1456.9127483923346,MISS_ENUMERATE_PROXY,Proxy 182,3,2,0,0,197
1402,1463.5853717939906,MISS_ENUMERATE_PROXY,Proxy 87,2,5,0,0,197
1403,1464.4898047319457,MISS_ENUMERATE_PROXY,Proxy 198,3,4,0,0,197
1404,1468.1470160946749,MISS_ENUMERATE_PROXY,Proxy 134,3,4,0,0,197
1405,1469.9647849921846,MISS_ENUMERATE_PROXY,Proxy 160,4,2,0,0,197
1406,1471.6821303321515,MISS_ENUMERATE_PROXY,Proxy 144,4,3,0,0,197
1407,1474.2436108521422,MISS_ENUMERATE_PROXY,Proxy 169,5,2,0,0,197
1408,1476.4874684585864,MISS_ENUMERATE_PROXY,Proxy 22,5,2,0,0,197
1409,1476.5065184354116,MISS_ENUMERATE_PROXY,Proxy 1,3,4,0,0,197
1410,1478.072603015644,MISS_ENUMERATE_PROXY,Proxy 76,4,3,0,0,197
1411,1481.0453902852453,MISS_ENUMERATE_PROXY,Proxy 196,4,4,0,0,197
1412,1481.3122915113795,MISS_ENUMERATE_PROXY,Proxy 147,4,3,0,0,197
1413,1481.574166282705,MISS_ENUMERATE_PROXY,Proxy 121,2,5,0,0,197
1414,1481.9806985307844,MISS_ENUMERATE_PROXY,Proxy 192,5,3,0,0,197
1415,1489.3754156017396,MISS_ENUMERATE_PROXY,Proxy 186,3,4,0,0,197
1416,1489.7378093287018,MISS_ENUMERATE_PROXY,Proxy 9,5,3,0,0,197
1417,1490.864608709743,MISS_ENUMERATE_PROXY,Proxy 23,2,5,0,0,197
1418,1491.1526999932125,MISS_ENUMERATE_PROXY,Proxy 146,3,4,0,0,197
1419,1492.9004382264081,MISS_ENUMERATE_PROXY,Proxy 168,3,4,0,0,197
1420,1494.6444863154936,MISS_ENUMERATE_PROXY,Proxy 152,3,3,0,0,197
1421,1496.2428435387264,MISS_ENUMERATE_PROXY,Proxy 16,2,5,0,0,197
1422,1497.3614218528387,MISS_ENUMERATE_PROXY,Proxy 195,3,4,0,0,197
1423,1500.645661551085,MISS_ENUMERATE_PROXY,Proxy 88,1,3,0,0,197
1424,1501.1246282060608,MISS_ENUMERATE_PROXY,Proxy 182,3,3,0,0,197
1425,1503.558556626928,MISS_ENUMERATE_PROXY,Proxy 31,2,6,0,0,197
1426,1503.885345293663,MISS_ENUMERATE_PROXY,Proxy 167,6,1,0,0,197
1427,1514.1376420683825,MISS_ENUMERATE_PROXY,Proxy 86,3,5,0,0,197
1428,1519.9261083257054,MISS_ENUMERATE_PROXY,Proxy 167,6,2,0,0,197
1429,1520.0111516949733,MISS_ENUMERATE_PROXY,Proxy 100,4,2,0,0,197
1430,1520.7838162839964,MISS_ENUMERATE_PROXY,Proxy 112,1,6,0,0,197
1431,1522.042128011108,MISS_ENUMERATE_PROXY,Proxy 106,2,6,0,0,197
1432,1523.9125669293164,MISS_ENUMERATE_PROXY,Proxy 13,2,5,0,0,197
1433,1525.289355983952,MISS_ENUMERATE_PROXY,Proxy 45,3,5,0,0,197
1434,1526.9758235906045,MISS_ENUMERATE_PROXY,Proxy 158,6,1,0,0,197
1435,1527.2115260235917,MISS_ENUMERATE_PROXY,Proxy 119,3,4,0,0,197
1436,1527.2883440972614,MISS_ENUMERATE_PROXY,Proxy 162,4,3,0,0,197
1437,1528.874060151874,MISS_ENUMERATE_PROXY,Proxy 138,4,4,0,0,197
1438,1529.273120464118,MISS_ENUMERATE_PROXY,Proxy 133,2,5,0,0,197
1439,1530.3915024764858,MISS_ENUMERATE_PROXY,Proxy 178,5,1,0,0,197
1440,1532.7508449844422,MISS_ENUMERATE_PROXY,Proxy 23,3,6,0,0,197
1441,1533.3106473027685,MISS_ENUMERATE_PROXY,Proxy 146,3,5,0,0,197
1442,1533.9322550334514,MISS_ENUMERATE_PROXY,Proxy 43,3,4,0,0,197
1443,1537.3803517096103,MISS_ENUMERATE_PROXY,Proxy 199,3,4,0,0,197
1444,1537.491668561504,MISS_ENUMERATE_PROXY,Proxy 51,3,5,0,0,197
1445,1539.9191547392932,MISS_ENUMERATE_PROXY,Proxy 121,2,6,0,0,197
1446,1544.0190200800503,MISS_ENUMERATE_PROXY,Proxy 126,5,2,0,0,197
1447,1545.6090689244425,MISS_ENUMERATE_PROXY,Proxy 179,4,4,0,0,197
1448,1546.089589306413,MISS_ENUMERATE_PROXY,Proxy 62,4,3,0,0,197
1449,1560.889207515145,MISS_ENUMERATE_PROXY,Proxy 114,2,5,0,0,197
1450,1564.2941506967627,MISS_ENUMERATE_PROXY,Proxy 12,6,2,0,0,197
1451,1565.5202192678944,MISS_ENUMERATE_PROXY,Proxy 160,6,3,0,0,197
1452,1568.1370943172676,MISS_ENUMERATE_PROXY,Proxy 159,3,5,0,0,197
1453,1568.548616418155,MISS_ENUMERATE_PROXY,Proxy 37,5,3,0,0,197
1454,1569.3952867788144,MISS_ENUMERATE_PROXY,Proxy 59,7,1,0,0,197
1455,1572.5107309127072,MISS_ENUMERATE_PROXY,Proxy 30,4,3,0,0,197
1456,1576.5352617167714,MISS_ENUMERATE_PROXY,Proxy 149,4,1,0,0,197
1457,1576.839363379206,MISS_ENUMERATE_PROXY,Proxy 172,2,6,0,0,197
1458,1577.9888180756511,MISS_ENUMERATE_PROXY,Proxy 57,5,3,0,0,197
1459,1579.955954378889,MISS_ENUMERATE_PROXY,Proxy 4,4,4,0,0,197
1460,1580.9408684346631,MISS_ENUMERATE_PROXY,Proxy 87,2,6,0,0,197
1461,1581.5878244204973,MISS_ENUMERATE_PROXY,Proxy 7,5,3,0,0,197
1462,1581.672201532161,ENUMERATE_PROXY,Proxy 84,8,0,0,0,198
1463,1583.3635916274563,MISS_ENUMERATE_PROXY,Proxy 25,4,3,0,0,198
1464,1584.156998125447,MISS_ENUMERATE_PROXY,Proxy 131,4,4,0,0,198
1465,1585.7298732072732,MISS_ENUMERATE_PROXY,Proxy 199,3,5,0,0,198
1466,1591.4502514431492,MISS_ENUMERATE_PROXY,Proxy 34,4,3,0,0,198
1467,1591.6207338417648,MISS_ENUMERATE_PROXY,Proxy 105,7,1,0,0,198
1468,1597.660557477899,MISS_ENUMERATE_PROXY,Proxy 27,3,4,0,0,198
1469,1598.979695637112,MISS_ENUMERATE_PROXY,Proxy 63,3,5,0,0,198
1470,1600.96484352287,MISS_ENUMERATE_PROXY,Proxy 177,4,4,0,0,198
1471,1603.8052758959482,MISS_ENUMERATE_PROXY,Proxy 142,3,5,0,0,198
1472,1607.0322522982729,MISS_ENUMERATE_PROXY,Proxy 68,2,6,0,0,198
1473,1608.9140926826426,MISS_ENUMERATE_PROXY,Proxy 171,6,1,0,0,198
1474,1609.4539107988778,MISS_ENUMERATE_PROXY,Proxy 188,2,6,0,0,198
1475,1610.1179581853348,MISS_ENUMERATE_PROXY,Proxy 188,2,7,0,0,198
1476,1611.0731313989397,MISS_ENUMERATE_PROXY,Proxy 96,5,3,0,0,198
1477,1612.4810740280197,MISS_ENUMERATE_PROXY,Proxy 3,4,4,0,0,198
1478,1613.9417805131784,MISS_ENUMERATE_PROXY,Proxy 98,2,6,0,0,198
1479,1614.6039179547606,MISS_ENUMERATE_PROXY,Proxy 187,3,6,0,0,198
1480,1618.2859882228422,MISS_ENUMERATE_PROXY,Proxy 171,6,2,0,0,198
1481,1619.3295684149994,ENUMERATE_PROXY,Proxy 109,8,0,0,0,199
1482,1620.884700173026,MISS_ENUMERATE_PROXY,Proxy 110,4,4,0,0,199
1483,1620.9304214820881,MISS_ENUMERATE_PROXY,Proxy 78,4,2,0,0,199
1484,1621.2327079030244,MISS_ENUMERATE_PROXY,Proxy 76,5,4,0,0,199
1485,1625.1436742623168,MISS_ENUMERATE_PROXY,Proxy 53,4,2,0,0,199
1486,1625.942331500804,MISS_ENUMERATE_PROXY,Proxy 103,4,4,0,0,199
1487,1626.4538515096615,MISS_ENUMERATE_PROXY,Proxy 88,2,4,0,0,199
1488,1626.9045250425288,MISS_ENUMERATE_PROXY,Proxy 117,4,4,0,0,199
1489,1631.0594612314787,MISS_ENUMERATE_PROXY,Proxy 135,2,5,0,0,199
1490,1639.6408500202851,MISS_ENUMERATE_PROXY,Proxy 97,7,2,0,0,199
1491,1647.2103582692812,ENUMERATE_PROXY,Proxy 170,8,0,0,0,200
